Using CPython 3.12.3 interpreter at: /usr/bin/python3
Creating virtual environment at: /tmp/adaptive-factory-exit-venv-4jtutlg2
Installed 20 packages in 23ms
PASS: disposable PostgreSQL identity preflight
test_codex_01521_fixture_projects_safe_canonical_lifecycle (factory.tests.test_adapters.AdapterTests.test_codex_01521_fixture_projects_safe_canonical_lifecycle) ... ok
test_current_adapter_cannot_be_promoted_by_caller_profile (factory.tests.test_adapters.AdapterTests.test_current_adapter_cannot_be_promoted_by_caller_profile) ... ok
test_grok_1017_fixture_is_translatable_but_ineligible (factory.tests.test_adapters.AdapterTests.test_grok_1017_fixture_is_translatable_but_ineligible) ... ok
test_selection_is_explicit_and_never_falls_back (factory.tests.test_adapters.AdapterTests.test_selection_is_explicit_and_never_falls_back) ... ok
test_unknown_native_events_fail_closed (factory.tests.test_adapters.AdapterTests.test_unknown_native_events_fail_closed) ... ok
test_all_execution_request_identities_reject_secret_shapes_before_service (factory.tests.test_api.ApiTests.test_all_execution_request_identities_reject_secret_shapes_before_service) ... ok
test_api_has_no_execution_external_write_or_systemd_endpoint (factory.tests.test_api.ApiTests.test_api_has_no_execution_external_write_or_systemd_endpoint) ... ok
test_body_limit_applies_only_to_body_bearing_methods (factory.tests.test_api.ApiTests.test_body_limit_applies_only_to_body_bearing_methods) ... ok
test_body_limit_rejects_missing_or_malformed_length (factory.tests.test_api.ApiTests.test_body_limit_rejects_missing_or_malformed_length) ... ok
test_body_over_one_mebibyte_is_rejected_without_parsing (factory.tests.test_api.ApiTests.test_body_over_one_mebibyte_is_rejected_without_parsing) ... ok
test_bounded_run_attempt_and_event_history_are_exposed (factory.tests.test_api.ApiTests.test_bounded_run_attempt_and_event_history_are_exposed) ... ok
test_checked_contract_is_the_only_openapi_surface (factory.tests.test_api.ApiTests.test_checked_contract_is_the_only_openapi_surface) ... ok
test_cli_exposes_the_complete_local_control_surface (factory.tests.test_api.ApiTests.test_cli_exposes_the_complete_local_control_surface) ... ok
test_contract_failure_returns_bounded_structured_error (factory.tests.test_api.ApiTests.test_contract_failure_returns_bounded_structured_error) ... ok
test_database_contention_returns_stable_bounded_unavailable_error (factory.tests.test_api.ApiTests.test_database_contention_returns_stable_bounded_unavailable_error) ... ok
test_declared_errors_are_normalized_correlated_and_preserve_auth_challenge (factory.tests.test_api.ApiTests.test_declared_errors_are_normalized_correlated_and_preserve_auth_challenge) ... ok
test_execution_claim_is_explicit_and_rejects_provider_command_fields (factory.tests.test_api.ApiTests.test_execution_claim_is_explicit_and_rejects_provider_command_fields) ... ok
test_execution_proposal_endpoints_are_typed_and_closed (factory.tests.test_api.ApiTests.test_execution_proposal_endpoints_are_typed_and_closed) ... ok
test_execution_usage_authenticates_exactly_once (factory.tests.test_api.ApiTests.test_execution_usage_authenticates_exactly_once) ... ok
test_history_rejects_unbounded_pages_and_malformed_cursors (factory.tests.test_api.ApiTests.test_history_rejects_unbounded_pages_and_malformed_cursors) ... ok
test_integrity_error_has_generic_500_without_database_detail (factory.tests.test_api.ApiTests.test_integrity_error_has_generic_500_without_database_detail) ... ok
test_legacy_request_identity_retains_m4_syntax_only_contract (factory.tests.test_api.ApiTests.test_legacy_request_identity_retains_m4_syntax_only_contract) ... ok
test_malformed_closed_commands_return_bounded_4xx (factory.tests.test_api.ApiTests.test_malformed_closed_commands_return_bounded_4xx) ... ok
test_metrics_counts_auth_rejections_without_exposing_credentials (factory.tests.test_api.ApiTests.test_metrics_counts_auth_rejections_without_exposing_credentials) ... ok
test_mutation_requires_bearer_idempotency_and_correlation (factory.tests.test_api.ApiTests.test_mutation_requires_bearer_idempotency_and_correlation) ... ok
test_optional_read_correlation_is_normalized_at_the_response_boundary (factory.tests.test_api.ApiTests.test_optional_read_correlation_is_normalized_at_the_response_boundary) ... ok
test_phase_transition_endpoint_is_closed_and_uses_release_scope (factory.tests.test_api.ApiTests.test_phase_transition_endpoint_is_closed_and_uses_release_scope) ... ok
test_repository_kill_scope_requires_a_bounded_repository_identifier (factory.tests.test_api.ApiTests.test_repository_kill_scope_requires_a_bounded_repository_identifier) ... ok
test_terminal_response_version_uses_matched_route_under_root_path (factory.tests.test_api.ApiTests.test_terminal_response_version_uses_matched_route_under_root_path) ... ok
test_terminal_snapshot_failures_are_server_errors_without_private_detail (factory.tests.test_api.ApiTests.test_terminal_snapshot_failures_are_server_errors_without_private_detail) ... ok
test_text_max_length_counts_unicode_code_points_like_the_contract (factory.tests.test_api.ApiTests.test_text_max_length_counts_unicode_code_points_like_the_contract) ... ok
test_token_file_rejects_symlink_and_non_private_mode (factory.tests.test_api.ApiTests.test_token_file_rejects_symlink_and_non_private_mode) ... ok
test_token_file_requires_absolute_owned_nofollow_ancestry (factory.tests.test_api.ApiTests.test_token_file_requires_absolute_owned_nofollow_ancestry) ... ok
test_unexpected_failures_are_redacted_normalized_and_correlated (factory.tests.test_api.ApiTests.test_unexpected_failures_are_redacted_normalized_and_correlated) ... ok
test_uuid_inputs_must_use_canonical_lowercase_dashed_spelling (factory.tests.test_api.ApiTests.test_uuid_inputs_must_use_canonical_lowercase_dashed_spelling) ... ok
test_arbitrary_receipt_and_stale_task_identity_are_rejected (factory.tests.test_autonomy.AutonomyContractTests.test_arbitrary_receipt_and_stale_task_identity_are_rejected) ... ok
test_nonaccepted_outcome_is_derived_not_overridden_by_task (factory.tests.test_autonomy.AutonomyContractTests.test_nonaccepted_outcome_is_derived_not_overridden_by_task) ... ok
test_old_synthetic_authority_fields_are_unknown (factory.tests.test_autonomy.AutonomyContractTests.test_old_synthetic_authority_fields_are_unknown) ... ok
test_synthetic_data_is_explicitly_not_factual_evidence (factory.tests.test_autonomy.AutonomyContractTests.test_synthetic_data_is_explicitly_not_factual_evidence) ... ok
test_tuple_binds_validator_and_explicit_provider_mapping (factory.tests.test_autonomy.AutonomyContractTests.test_tuple_binds_validator_and_explicit_provider_mapping) ... ok
test_every_trigger_atomically_returns_l0_halted_without_action (factory.tests.test_autonomy.AutonomyDemotionTests.test_every_trigger_atomically_returns_l0_halted_without_action) ... ok
test_trigger_priority_is_fixed_and_inputs_fail_closed (factory.tests.test_autonomy.AutonomyDemotionTests.test_trigger_priority_is_fixed_and_inputs_fail_closed) ... ok
test_closed_m7_bundle_blocks_forged_thirty_row_qualification (factory.tests.test_autonomy.AutonomyEvaluationTests.test_closed_m7_bundle_blocks_forged_thirty_row_qualification) ... ok
test_existing_l2_profile_never_advances_or_authorizes (factory.tests.test_autonomy.AutonomyEvaluationTests.test_existing_l2_profile_never_advances_or_authorizes) ... ok
test_expiry_and_open_window_fail_closed (factory.tests.test_autonomy.AutonomyEvaluationTests.test_expiry_and_open_window_fail_closed) ... ok
test_tuple_mutation_and_replay_are_exact (factory.tests.test_autonomy.AutonomyEvaluationTests.test_tuple_mutation_and_replay_are_exact) ... ok
test_cohort_order_distinctness_and_deep_immutability_are_preserved (factory.tests.test_autonomy.AutonomyRegressionBoundaryTests.test_cohort_order_distinctness_and_deep_immutability_are_preserved) ... ok
test_each_reachable_gate_reason_remains_independently_observable (factory.tests.test_autonomy.AutonomyRegressionBoundaryTests.test_each_reachable_gate_reason_remains_independently_observable) ... ok
test_evaluator_requires_frozen_records_and_aware_time (factory.tests.test_autonomy.AutonomyRegressionBoundaryTests.test_evaluator_requires_frozen_records_and_aware_time) ... ok
test_exact_threshold_metrics_remain_integer_and_m7_blocked (factory.tests.test_autonomy.AutonomyRegressionBoundaryTests.test_exact_threshold_metrics_remain_integer_and_m7_blocked) ... ok
test_halted_profile_cannot_recommend_promotion (factory.tests.test_autonomy.AutonomyRegressionBoundaryTests.test_halted_profile_cannot_recommend_promotion) ... ok
test_task_at_expiry_fails_before_evaluation (factory.tests.test_autonomy.AutonomyRegressionBoundaryTests.test_task_at_expiry_fails_before_evaluation) ... ok
test_task_bounds_times_receipts_and_metrics_fail_closed (factory.tests.test_autonomy.AutonomyRegressionBoundaryTests.test_task_bounds_times_receipts_and_metrics_fail_closed) ... ok
test_all_m8_records_reject_unknown_missing_and_wrong_version (factory.tests.test_autonomy.ClosedM8RecordTests.test_all_m8_records_reject_unknown_missing_and_wrong_version) ... ok
test_external_action_and_levels_are_closed (factory.tests.test_autonomy.ClosedM8RecordTests.test_external_action_and_levels_are_closed) ... ok
test_bundle_legacy_packet_and_input_result_identities_are_separately_bound (factory.tests.test_autonomy.M7BridgeContractTests.test_bundle_legacy_packet_and_input_result_identities_are_separately_bound) ... ok
test_caller_cannot_supply_derived_or_authority_status_fields (factory.tests.test_autonomy.M7BridgeContractTests.test_caller_cannot_supply_derived_or_authority_status_fields) ... ok
test_direct_wrapper_construction_cannot_bypass_wire_recomputation (factory.tests.test_autonomy.M7BridgeContractTests.test_direct_wrapper_construction_cannot_bypass_wire_recomputation) ... ok
test_full_handoff_recomputes_all_bodies_and_has_no_caller_acceptance_flag (factory.tests.test_autonomy.M7BridgeContractTests.test_full_handoff_recomputes_all_bodies_and_has_no_caller_acceptance_flag) ... ok
test_outcome_bundle_mismatch_fails_after_all_digests_are_reclosed (factory.tests.test_autonomy.M7BridgeContractTests.test_outcome_bundle_mismatch_fails_after_all_digests_are_reclosed) ... ok
test_validator_swap_and_provider_map_mismatch_do_not_collapse (factory.tests.test_autonomy.M7BridgeContractTests.test_validator_swap_and_provider_map_mismatch_do_not_collapse) ... ok
test_every_object_shape_is_closed_complete_and_versioned (factory.tests.test_autonomy_schema.AutonomySchemaTests.test_every_object_shape_is_closed_complete_and_versioned) ... ok
test_m8_schema_inventory_and_dialect_are_exact (factory.tests.test_autonomy_schema.AutonomySchemaTests.test_m8_schema_inventory_and_dialect_are_exact) ... ok
test_schema_fields_match_all_six_python_records (factory.tests.test_autonomy_schema.AutonomySchemaTests.test_schema_fields_match_all_six_python_records) ... ok
test_schema_freezes_authority_limits_and_has_no_effect_surface (factory.tests.test_autonomy_schema.AutonomySchemaTests.test_schema_freezes_authority_limits_and_has_no_effect_surface) ... ok
test_synthetic_closed_values_have_exact_root_schema_shapes (factory.tests.test_autonomy_schema.AutonomySchemaTests.test_synthetic_closed_values_have_exact_root_schema_shapes) ... ok
test_all_authorization_schemes_and_secret_shaped_identity_fields_fail_closed (factory.tests.test_brokers.BrokerTests.test_all_authorization_schemes_and_secret_shaped_identity_fields_fail_closed) ... ok
test_artifact_digest_binds_authoritative_role_and_attestation (factory.tests.test_brokers.BrokerTests.test_artifact_digest_binds_authoritative_role_and_attestation) ... ok
test_artifact_is_writer_only_before_trusted_attestation (factory.tests.test_brokers.BrokerTests.test_artifact_is_writer_only_before_trusted_attestation) ... ok
test_artifact_requires_server_side_attestation (factory.tests.test_brokers.BrokerTests.test_artifact_requires_server_side_attestation) ... ok
test_artifact_usage_and_terminal_are_closed_values (factory.tests.test_brokers.BrokerTests.test_artifact_usage_and_terminal_are_closed_values) ... ok
test_authorization_bearer_redaction_consumes_the_credential_tail (factory.tests.test_brokers.BrokerTests.test_authorization_bearer_redaction_consumes_the_credential_tail) ... ok
test_budget_overflow_and_duplicate_terminal_fail (factory.tests.test_brokers.BrokerTests.test_budget_overflow_and_duplicate_terminal_fail) ... ok
test_derived_terminal_summary_is_built_from_redacted_components (factory.tests.test_brokers.BrokerTests.test_derived_terminal_summary_is_built_from_redacted_components) ... ok
test_executable_note_artifact_escape_and_missing_usage_fail (factory.tests.test_brokers.BrokerTests.test_executable_note_artifact_escape_and_missing_usage_fail) ... ok
test_forbidden_note_categories_are_rejected_before_proposal_creation (factory.tests.test_brokers.BrokerTests.test_forbidden_note_categories_are_rejected_before_proposal_creation) ... ok
test_note_and_artifact_must_stay_in_authoritative_allowed_paths (factory.tests.test_brokers.BrokerTests.test_note_and_artifact_must_stay_in_authoritative_allowed_paths) ... ok
test_note_is_bounded_redacted_and_provenance_bound (factory.tests.test_brokers.BrokerTests.test_note_is_bounded_redacted_and_provenance_bound) ... ok
test_raw_secret_size_is_bounded_before_redaction (factory.tests.test_brokers.BrokerTests.test_raw_secret_size_is_bounded_before_redaction) ... ok
test_redaction_covers_bearer_aws_keyed_secrets_and_complete_pem (factory.tests.test_brokers.BrokerTests.test_redaction_covers_bearer_aws_keyed_secrets_and_complete_pem) ... ok
test_result_carried_terminal_text_is_nfc_without_c0_controls (factory.tests.test_brokers.BrokerTests.test_result_carried_terminal_text_is_nfc_without_c0_controls) ... ok
test_stale_identity_owner_or_fence_fails (factory.tests.test_brokers.BrokerTests.test_stale_identity_owner_or_fence_fails) ... ok
test_structured_note_and_terminal_text_is_never_stringified (factory.tests.test_brokers.BrokerTests.test_structured_note_and_terminal_text_is_never_stringified) ... ok
test_terminal_failure_reason_bound_matches_persisted_result (factory.tests.test_brokers.BrokerTests.test_terminal_failure_reason_bound_matches_persisted_result) ... ok
test_terminal_text_required_by_sql_is_non_empty_in_broker (factory.tests.test_brokers.BrokerTests.test_terminal_text_required_by_sql_is_non_empty_in_broker) ... ok
test_undeclared_proposal_capability_fails_closed (factory.tests.test_brokers.BrokerTests.test_undeclared_proposal_capability_fails_closed) ... ok
test_canonical_digest_is_order_independent (factory.tests.test_contracts.ContractTests.test_canonical_digest_is_order_independent) ... ok
test_complete_frozen_intent_defines_duplicate_identity (factory.tests.test_contracts.ContractTests.test_complete_frozen_intent_defines_duplicate_identity) ... ok
test_each_semantic_work_field_changes_identity_but_m0_form_does_not (factory.tests.test_contracts.ContractTests.test_each_semantic_work_field_changes_identity_but_m0_form_does_not) ... ok
test_handoff_mismatch_duplicate_acceptance_and_stale_m0_fail (factory.tests.test_contracts.ContractTests.test_handoff_mismatch_duplicate_acceptance_and_stale_m0_fail) ... ok
test_named_bootstrap_exception_is_bounded (factory.tests.test_contracts.ContractTests.test_named_bootstrap_exception_is_bounded) ... ok
test_observed_m0_check_suffix_must_match_policy_identity (factory.tests.test_contracts.ContractTests.test_observed_m0_check_suffix_must_match_policy_identity) ... ok
test_transport_and_m0_proof_do_not_change_semantic_work_identity (factory.tests.test_contracts.ContractTests.test_transport_and_m0_proof_do_not_change_semantic_work_identity) ... ok
test_unknown_fields_versions_dirty_sha_and_excessive_limits_fail (factory.tests.test_contracts.ContractTests.test_unknown_fields_versions_dirty_sha_and_excessive_limits_fail) ... ok
test_valid_intake_binds_all_frozen_authorities (factory.tests.test_contracts.ContractTests.test_valid_intake_binds_all_frozen_authorities) ... ok
test_closed_invalid_or_excessive_control_values_fail (factory.tests.test_execution_contracts.ExecutionContractTests.test_closed_invalid_or_excessive_control_values_fail) ... ok
test_manifest_binds_packet_provider_workspace_and_initial_stage (factory.tests.test_execution_contracts.ExecutionContractTests.test_manifest_binds_packet_provider_workspace_and_initial_stage) ... ok
test_packet_canonical_round_trip_is_stable (factory.tests.test_execution_contracts.ExecutionContractTests.test_packet_canonical_round_trip_is_stable) ... ok
test_packet_is_deeply_immutable_and_has_new_digest_domain (factory.tests.test_execution_contracts.ExecutionContractTests.test_packet_is_deeply_immutable_and_has_new_digest_domain) ... ok
test_wire_schema_files_are_closed_and_versioned (factory.tests.test_execution_contracts.ExecutionContractTests.test_wire_schema_files_are_closed_and_versioned) ... ok
test_workspace_result_is_canonical_immutable_and_domain_separated (factory.tests.test_execution_contracts.ExecutionContractTests.test_workspace_result_is_canonical_immutable_and_domain_separated) ... ok
test_workspace_result_mutation_staleness_and_nonterminal_values_fail_closed (factory.tests.test_execution_contracts.ExecutionContractTests.test_workspace_result_mutation_staleness_and_nonterminal_values_fail_closed) ... ok
test_workspace_result_schema_is_closed_and_names_m6_bridge_digests (factory.tests.test_execution_contracts.ExecutionContractTests.test_workspace_result_schema_is_closed_and_names_m6_bridge_digests) ... ok
test_accounting_blocked_recovery_is_never_requeued (factory.tests.test_execution_persistence_postgres.ExecutionPersistencePostgresTests.test_accounting_blocked_recovery_is_never_requeued) ... ok
test_attestor_invalid_uuid_and_bigint_are_bounded_rejections (factory.tests.test_execution_persistence_postgres.ExecutionPersistencePostgresTests.test_attestor_invalid_uuid_and_bigint_are_bounded_rejections) ... ok
test_attestor_proposal_probes_use_bounded_partial_and_sequence_indexes (factory.tests.test_execution_persistence_postgres.ExecutionPersistencePostgresTests.test_attestor_proposal_probes_use_bounded_partial_and_sequence_indexes) ... ok
test_bootstrap_rejects_partial_attestor_configuration_before_provisioning (factory.tests.test_execution_persistence_postgres.ExecutionPersistencePostgresTests.test_bootstrap_rejects_partial_attestor_configuration_before_provisioning) ... ok
test_cancel_and_fresh_recovery_race_is_bounded_and_single_terminal (factory.tests.test_execution_persistence_postgres.ExecutionPersistencePostgresTests.test_cancel_and_fresh_recovery_race_is_bounded_and_single_terminal) ... ok
test_cancel_projects_execution_before_cleanup_and_first_claim_is_cancelled (factory.tests.test_execution_persistence_postgres.ExecutionPersistencePostgresTests.test_cancel_projects_execution_before_cleanup_and_first_claim_is_cancelled) ... ok
test_canonical_start_preserves_six_digit_fractional_deadline (factory.tests.test_execution_persistence_postgres.ExecutionPersistencePostgresTests.test_canonical_start_preserves_six_digit_fractional_deadline) ... ok
test_capability_roles_reject_a_second_inbound_login_member (factory.tests.test_execution_persistence_postgres.ExecutionPersistencePostgresTests.test_capability_roles_reject_a_second_inbound_login_member) ... ok
test_cleanup_outcomes_require_the_complete_authoritative_claim (factory.tests.test_execution_persistence_postgres.ExecutionPersistencePostgresTests.test_cleanup_outcomes_require_the_complete_authoritative_claim) ... ok
test_completed_finalize_requires_exact_authoritative_usage_pair (factory.tests.test_execution_persistence_postgres.ExecutionPersistencePostgresTests.test_completed_finalize_requires_exact_authoritative_usage_pair) ... ok
test_concurrent_artifact_read_verification_is_deterministic_and_persists_once (factory.tests.test_execution_persistence_postgres.ExecutionPersistencePostgresTests.test_concurrent_artifact_read_verification_is_deterministic_and_persists_once) ... ok
test_concurrent_exact_artifact_replays_after_winner_finalizes_without_side_effects (factory.tests.test_execution_persistence_postgres.ExecutionPersistencePostgresTests.test_concurrent_exact_artifact_replays_after_winner_finalizes_without_side_effects) ... ok
test_corrupt_persisted_packet_limit_is_internal_integrity_not_fence (factory.tests.test_execution_persistence_postgres.ExecutionPersistencePostgresTests.test_corrupt_persisted_packet_limit_is_internal_integrity_not_fence) ... ok
test_direct_claim_rejects_actor_owner_mismatch_before_connect_or_mutation (factory.tests.test_execution_persistence_postgres.ExecutionPersistencePostgresTests.test_direct_claim_rejects_actor_owner_mismatch_before_connect_or_mutation) ... ok
test_direct_forged_finalize_and_injected_audit_failure_roll_back_everything (factory.tests.test_execution_persistence_postgres.ExecutionPersistencePostgresTests.test_direct_forged_finalize_and_injected_audit_failure_roll_back_everything) ... ok
test_direct_runtime_accepts_only_exact_closed_replayable_four_kind_sequence (factory.tests.test_execution_persistence_postgres.ExecutionPersistencePostgresTests.test_direct_runtime_accepts_only_exact_closed_replayable_four_kind_sequence) ... ok
test_direct_runtime_enforces_capabilities_and_per_kind_limits (factory.tests.test_execution_persistence_postgres.ExecutionPersistencePostgresTests.test_direct_runtime_enforces_capabilities_and_per_kind_limits) ... ok
test_direct_runtime_rejects_terminal_text_empty_at_python_sql_boundary (factory.tests.test_execution_persistence_postgres.ExecutionPersistencePostgresTests.test_direct_runtime_rejects_terminal_text_empty_at_python_sql_boundary) ... ok
test_direct_store_cannot_diverge_any_event_payload_from_persisted_proposal (factory.tests.test_execution_persistence_postgres.ExecutionPersistencePostgresTests.test_direct_store_cannot_diverge_any_event_payload_from_persisted_proposal) ... ok
test_exact_proposal_replay_survives_finalize_but_changed_or_new_commands_do_not (factory.tests.test_execution_persistence_postgres.ExecutionPersistencePostgresTests.test_exact_proposal_replay_survives_finalize_but_changed_or_new_commands_do_not) ... ok
test_execution_metrics_are_fixed_bounded_atomic_and_least_privilege (factory.tests.test_execution_persistence_postgres.ExecutionPersistencePostgresTests.test_execution_metrics_are_fixed_bounded_atomic_and_least_privilege) ... ok
test_existing_attestor_role_cannot_gain_login_or_membership (factory.tests.test_execution_persistence_postgres.ExecutionPersistencePostgresTests.test_existing_attestor_role_cannot_gain_login_or_membership) ... ok
test_expired_cleanup_claim_is_at_least_once_but_durably_fenced (factory.tests.test_execution_persistence_postgres.ExecutionPersistencePostgresTests.test_expired_cleanup_claim_is_at_least_once_but_durably_fenced) ... ok
test_failed_finalize_forces_accounting_recovery_for_block_or_residual_counters (factory.tests.test_execution_persistence_postgres.ExecutionPersistencePostgresTests.test_failed_finalize_forces_accounting_recovery_for_block_or_residual_counters) ... ok
test_finalize_atomically_derives_m4_failure_and_cross_binds_result_bundle (factory.tests.test_execution_persistence_postgres.ExecutionPersistencePostgresTests.test_finalize_atomically_derives_m4_failure_and_cross_binds_result_bundle) ... ok
test_finalize_requires_exact_consumed_artifact_attestation (factory.tests.test_execution_persistence_postgres.ExecutionPersistencePostgresTests.test_finalize_requires_exact_consumed_artifact_attestation) ... ok
test_heartbeat_winner_revalidation_prevents_recovery_mutation (factory.tests.test_execution_persistence_postgres.ExecutionPersistencePostgresTests.test_heartbeat_winner_revalidation_prevents_recovery_mutation) ... ok
test_historical_expiry_stays_orphaned_when_new_run_is_cancelled (factory.tests.test_execution_persistence_postgres.ExecutionPersistencePostgresTests.test_historical_expiry_stays_orphaned_when_new_run_is_cancelled) ... ok
test_legacy_release_residual_accounting_cannot_create_unclaimable_retry (factory.tests.test_execution_persistence_postgres.ExecutionPersistencePostgresTests.test_legacy_release_residual_accounting_cannot_create_unclaimable_retry) ... ok
test_maximum_ascii_and_multibyte_notes_fit_closed_proposal_envelope (factory.tests.test_execution_persistence_postgres.ExecutionPersistencePostgresTests.test_maximum_ascii_and_multibyte_notes_fit_closed_proposal_envelope) ... ok
test_needs_human_finalize_preserves_reservation_as_accounting_blocked (factory.tests.test_execution_persistence_postgres.ExecutionPersistencePostgresTests.test_needs_human_finalize_preserves_reservation_as_accounting_blocked) ... ok
test_normal_service_path_persists_all_four_closed_proposals (factory.tests.test_execution_persistence_postgres.ExecutionPersistencePostgresTests.test_normal_service_path_persists_all_four_closed_proposals) ... ok
test_populated_schema16_to_17_is_atomic_zero_epoch_and_forward_only (factory.tests.test_execution_persistence_postgres.ExecutionPersistencePostgresTests.test_populated_schema16_to_17_is_atomic_zero_epoch_and_forward_only) ... ok
test_proposal_replay_binds_actor_before_connect_and_exact_replay_survives_expiry (factory.tests.test_execution_persistence_postgres.ExecutionPersistencePostgresTests.test_proposal_replay_binds_actor_before_connect_and_exact_replay_survives_expiry) ... ok
test_recovery_candidate_hints_cannot_redirect_authoritative_cleanup (factory.tests.test_execution_persistence_postgres.ExecutionPersistencePostgresTests.test_recovery_candidate_hints_cannot_redirect_authoritative_cleanup) ... ok
test_recovery_claim_atomically_orphans_expired_execution_and_denies_late_work (factory.tests.test_execution_persistence_postgres.ExecutionPersistencePostgresTests.test_recovery_claim_atomically_orphans_expired_execution_and_denies_late_work) ... ok
test_recovery_contention_stops_fresh_cursor_but_cleanup_lane_continues (factory.tests.test_execution_persistence_postgres.ExecutionPersistencePostgresTests.test_recovery_contention_stops_fresh_cursor_but_cleanup_lane_continues) ... ok
test_recovery_cursor_advances_over_healthy_prefix_then_revisits_expiry (factory.tests.test_execution_persistence_postgres.ExecutionPersistencePostgresTests.test_recovery_cursor_advances_over_healthy_prefix_then_revisits_expiry) ... ok
test_recovery_definers_reject_unbounded_runtime_sessions (factory.tests.test_execution_persistence_postgres.ExecutionPersistencePostgresTests.test_recovery_definers_reject_unbounded_runtime_sessions) ... ok
test_recovery_failure_history_survives_reclaim_and_success (factory.tests.test_execution_persistence_postgres.ExecutionPersistencePostgresTests.test_recovery_failure_history_survives_reclaim_and_success) ... ok
test_recovery_job_insert_failure_rolls_back_canonical_release_atomically (factory.tests.test_execution_persistence_postgres.ExecutionPersistencePostgresTests.test_recovery_job_insert_failure_rolls_back_canonical_release_atomically) ... ok
test_recovery_page_is_work_conserving_and_fair_in_both_directions (factory.tests.test_execution_persistence_postgres.ExecutionPersistencePostgresTests.test_recovery_page_is_work_conserving_and_fair_in_both_directions) ... ok
test_recovery_raw_page_caps_at_100_then_empty_page_wraps (factory.tests.test_execution_persistence_postgres.ExecutionPersistencePostgresTests.test_recovery_raw_page_caps_at_100_then_empty_page_wraps) ... ok
test_recovery_uses_db_deadline_and_m4_retry_limits_zero_one_two (factory.tests.test_execution_persistence_postgres.ExecutionPersistencePostgresTests.test_recovery_uses_db_deadline_and_m4_retry_limits_zero_one_two) ... ok
test_result_carried_terminal_text_is_nfc_without_c0_controls (factory.tests.test_execution_persistence_postgres.ExecutionPersistencePostgresTests.test_result_carried_terminal_text_is_nfc_without_c0_controls) ... ok
test_retryable_finalize_uses_persisted_zero_one_two_retry_limits (factory.tests.test_execution_persistence_postgres.ExecutionPersistencePostgresTests.test_retryable_finalize_uses_persisted_zero_one_two_retry_limits) ... ok
test_runtime_and_attestor_effective_roles_are_mutually_isolated (factory.tests.test_execution_persistence_postgres.ExecutionPersistencePostgresTests.test_runtime_and_attestor_effective_roles_are_mutually_isolated) ... ok
test_runtime_cannot_persist_noncanonical_packet_or_manifest (factory.tests.test_execution_persistence_postgres.ExecutionPersistencePostgresTests.test_runtime_cannot_persist_noncanonical_packet_or_manifest) ... ok
test_runtime_cannot_persist_open_or_cross_bound_proposal_body (factory.tests.test_execution_persistence_postgres.ExecutionPersistencePostgresTests.test_runtime_cannot_persist_open_or_cross_bound_proposal_body) ... ok
test_schema14_contract_phase_failure_rolls_back_the_expand_overlay (factory.tests.test_execution_persistence_postgres.ExecutionPersistencePostgresTests.test_schema14_contract_phase_failure_rolls_back_the_expand_overlay) ... ok
test_schema14_expand_overlay_preserves_constraints_until_contract_phase (factory.tests.test_execution_persistence_postgres.ExecutionPersistencePostgresTests.test_schema14_expand_overlay_preserves_constraints_until_contract_phase) ... ok
test_schema14_populated_execution_upgrades_forward_to_canonical_finalize (factory.tests.test_execution_persistence_postgres.ExecutionPersistencePostgresTests.test_schema14_populated_execution_upgrades_forward_to_canonical_finalize) ... ok
test_schema14_terminal_without_result_upgrades_and_finalizes_canonically (factory.tests.test_execution_persistence_postgres.ExecutionPersistencePostgresTests.test_schema14_terminal_without_result_upgrades_and_finalizes_canonically) ... ok
test_schema14_upgrade_rejects_rogue_inbound_capability_member_atomically (factory.tests.test_execution_persistence_postgres.ExecutionPersistencePostgresTests.test_schema14_upgrade_rejects_rogue_inbound_capability_member_atomically) ... ok
test_schema15_lock_gate_serializes_old_finalize_before_fresh_snapshot (factory.tests.test_execution_persistence_postgres.ExecutionPersistencePostgresTests.test_schema15_lock_gate_serializes_old_finalize_before_fresh_snapshot) ... ok
test_schema15_rejects_legacy_finalized_rows_before_any_ddl_or_release (factory.tests.test_execution_persistence_postgres.ExecutionPersistencePostgresTests.test_schema15_rejects_legacy_finalized_rows_before_any_ddl_or_release) ... ok
test_schema15_rejects_unattested_schema14_artifact_without_residue (factory.tests.test_execution_persistence_postgres.ExecutionPersistencePostgresTests.test_schema15_rejects_unattested_schema14_artifact_without_residue) ... ok
test_separate_runtime_and_attestor_logins_survive_upgrade_and_attest (factory.tests.test_execution_persistence_postgres.ExecutionPersistencePostgresTests.test_separate_runtime_and_attestor_logins_survive_upgrade_and_attest) ... ok
test_service_terminal_redaction_remains_sql_canonical (factory.tests.test_execution_persistence_postgres.ExecutionPersistencePostgresTests.test_service_terminal_redaction_remains_sql_canonical) ... ok
test_supersede_projection_is_atomic_then_queues_exact_cleanup (factory.tests.test_execution_persistence_postgres.ExecutionPersistencePostgresTests.test_supersede_projection_is_atomic_then_queues_exact_cleanup) ... ok
test_supported_usage_overflow_cannot_finalize_an_unclaimable_retry (factory.tests.test_execution_persistence_postgres.ExecutionPersistencePostgresTests.test_supported_usage_overflow_cannot_finalize_an_unclaimable_retry) ... ok
test_terminal_composite_persists_and_replays_all_outcomes_with_one_finalization (factory.tests.test_execution_persistence_postgres.ExecutionPersistencePostgresTests.test_terminal_composite_persists_and_replays_all_outcomes_with_one_finalization) ... ok
test_terminal_failure_reason_bound_matches_python_and_sql (factory.tests.test_execution_persistence_postgres.ExecutionPersistencePostgresTests.test_terminal_failure_reason_bound_matches_python_and_sql) ... ok
test_terminal_outer_command_key_blocks_cross_route_reuse_and_corrupt_marker (factory.tests.test_execution_persistence_postgres.ExecutionPersistencePostgresTests.test_terminal_outer_command_key_blocks_cross_route_reuse_and_corrupt_marker) ... ok
test_terminal_outer_marker_stale_fence_is_counted_before_any_mutation (factory.tests.test_execution_persistence_postgres.ExecutionPersistencePostgresTests.test_terminal_outer_marker_stale_fence_is_counted_before_any_mutation) ... ok
test_two_reconcilers_create_one_terminal_stage_and_cleanup_claim (factory.tests.test_execution_persistence_postgres.ExecutionPersistencePostgresTests.test_two_reconcilers_create_one_terminal_stage_and_cleanup_claim) ... ok
test_usage_component_columns_bind_duplicate_evidence_and_task_totals (factory.tests.test_execution_persistence_postgres.ExecutionPersistencePostgresTests.test_usage_component_columns_bind_duplicate_evidence_and_task_totals) ... ok
test_v2_non_usage_proposals_commit_through_the_store (factory.tests.test_execution_persistence_postgres.ExecutionPersistencePostgresTests.test_v2_non_usage_proposals_commit_through_the_store)
V2 versioning must not require non-usage facts to become usage values. ... ok
test_v2_usage_rolls_back_proposal_when_observation_write_fails_then_retries (factory.tests.test_execution_persistence_postgres.ExecutionPersistencePostgresTests.test_v2_usage_rolls_back_proposal_when_observation_write_fails_then_retries)
The v2 proposal and its accounting observation are one transaction. ... ok
test_unsafe_role_or_membership_rolls_back_then_absent_role_is_created_least_privilege (factory.tests.test_execution_persistence_postgres.FreshClusterArtifactAttestorMigrationTests.test_unsafe_role_or_membership_rolls_back_then_absent_role_is_created_least_privilege) ... skipped 'FACTORY_FRESH_CLUSTER_DATABASE_URL must name an empty disposable PG17 cluster'
test_priced_v3_endpoint_and_v2_terminal_are_closed_additions (factory.tests.test_execution_persistence_postgres.PricedUsageContractTests.test_priced_v3_endpoint_and_v2_terminal_are_closed_additions) ... ok
test_pricing_contract_rejects_unbound_or_invalid_facts (factory.tests.test_execution_persistence_postgres.PricedUsageContractTests.test_pricing_contract_rejects_unbound_or_invalid_facts) ... ok
test_v2_protocol_broker_and_service_replay_bind_all_cost_facts (factory.tests.test_execution_persistence_postgres.PricedUsageContractTests.test_v2_protocol_broker_and_service_replay_bind_all_cost_facts) ... ok
test_forward_migration_adds_defaulted_nonnegative_usage_components (factory.tests.test_execution_persistence_postgres.UsageTokenComponentMigrationTests.test_forward_migration_adds_defaulted_nonnegative_usage_components)
A missing component column would make V2 pricing unrecoverable. ... ok
test_artifact_proposal_fails_closed_without_server_attestation (factory.tests.test_execution_service.ExecutionServiceTests.test_artifact_proposal_fails_closed_without_server_attestation) ... ok
test_claimed_role_mismatch_fails_closed_and_releases_capacity (factory.tests.test_execution_service.ExecutionServiceTests.test_claimed_role_mismatch_fails_closed_and_releases_capacity) ... ok
test_direct_service_structured_text_is_rejected_before_replay (factory.tests.test_execution_service.ExecutionServiceTests.test_direct_service_structured_text_is_rejected_before_replay) ... ok
test_execution_requires_worker_scope_and_repository_authority (factory.tests.test_execution_service.ExecutionServiceTests.test_execution_requires_worker_scope_and_repository_authority) ... ok
test_explicit_execution_claim_preserves_legacy_digest_and_persists_manifest (factory.tests.test_execution_service.ExecutionServiceTests.test_explicit_execution_claim_preserves_legacy_digest_and_persists_manifest) ... ok
test_finalize_requires_trusted_snapshot_and_returns_factual_result (factory.tests.test_execution_service.ExecutionServiceTests.test_finalize_requires_trusted_snapshot_and_returns_factual_result) ... ok
test_forbidden_artifact_never_reaches_trusted_broker_or_attestation_store (factory.tests.test_execution_service.ExecutionServiceTests.test_forbidden_artifact_never_reaches_trusted_broker_or_attestation_store) ... ok
test_generic_stage_advance_cannot_terminalize_without_workspace_result (factory.tests.test_execution_service.ExecutionServiceTests.test_generic_stage_advance_cannot_terminalize_without_workspace_result) ... ok
test_invalid_or_ineligible_selection_fails_before_m4_claim (factory.tests.test_execution_service.ExecutionServiceTests.test_invalid_or_ineligible_selection_fails_before_m4_claim) ... ok
test_post_claim_start_failure_releases_capacity_with_typed_outcome (factory.tests.test_execution_service.ExecutionServiceTests.test_post_claim_start_failure_releases_capacity_with_typed_outcome) ... ok
test_proposal_identity_and_payload_are_closed_before_store_commit (factory.tests.test_execution_service.ExecutionServiceTests.test_proposal_identity_and_payload_are_closed_before_store_commit) ... ok
test_proposal_is_validated_redacted_and_committed_under_live_grant (factory.tests.test_execution_service.ExecutionServiceTests.test_proposal_is_validated_redacted_and_committed_under_live_grant) ... ok
test_proposal_payload_is_frozen_before_replay_boundary (factory.tests.test_execution_service.ExecutionServiceTests.test_proposal_payload_is_frozen_before_replay_boundary) ... ok
test_proposal_replay_still_requires_scope_kind_owner_and_repository (factory.tests.test_execution_service.ExecutionServiceTests.test_proposal_replay_still_requires_scope_kind_owner_and_repository) ... ok
test_reader_selection_cannot_request_write_capabilities (factory.tests.test_execution_service.ExecutionServiceTests.test_reader_selection_cannot_request_write_capabilities) ... ok
test_self_asserted_selection_is_rejected_without_trusted_registry (factory.tests.test_execution_service.ExecutionServiceTests.test_self_asserted_selection_is_rejected_without_trusted_registry) ... ok
test_stage_advance_binds_legacy_grant_and_new_packet_digest (factory.tests.test_execution_service.ExecutionServiceTests.test_stage_advance_binds_legacy_grant_and_new_packet_digest) ... ok
test_terminal_composite_derives_phase_keys_and_replays_without_snapshot (factory.tests.test_execution_service.ExecutionServiceTests.test_terminal_composite_derives_phase_keys_and_replays_without_snapshot) ... ok
test_terminal_composite_records_stale_outer_marker_fence_before_broker (factory.tests.test_execution_service.ExecutionServiceTests.test_terminal_composite_records_stale_outer_marker_fence_before_broker) ... ok
test_terminal_composite_rejects_mismatched_snapshot_then_resumes_all_variants (factory.tests.test_execution_service.ExecutionServiceTests.test_terminal_composite_rejects_mismatched_snapshot_then_resumes_all_variants) ... ok
test_terminal_composite_resumes_after_snapshot_failure_and_conflicts_before_broker (factory.tests.test_execution_service.ExecutionServiceTests.test_terminal_composite_resumes_after_snapshot_failure_and_conflicts_before_broker) ... ok
test_trusted_artifact_attestation_is_exact_and_replay_precedes_broker (factory.tests.test_execution_service.ExecutionServiceTests.test_trusted_artifact_attestation_is_exact_and_replay_precedes_broker) ... ok
test_workspace_result_query_requires_read_scope_and_repository (factory.tests.test_execution_service.ExecutionServiceTests.test_workspace_result_query_requires_read_scope_and_repository) ... ok
test_auth_repository_tenant_and_idempotency_are_bound (factory.tests.test_landing_api.LandingApiTests.test_auth_repository_tenant_and_idempotency_are_bound) ... ok
test_contradictory_provider_outcome_fails_closed_before_artifact_builder (factory.tests.test_landing_api.LandingApiTests.test_contradictory_provider_outcome_fails_closed_before_artifact_builder) ... ok
test_injected_local_artifact_is_ready_then_cancelled_without_live_state (factory.tests.test_landing_api.LandingApiTests.test_injected_local_artifact_is_ready_then_cancelled_without_live_state) ... ok
test_landing_streams_above_global_limit_without_raising_task_limit (factory.tests.test_landing_api.LandingApiTests.test_landing_streams_above_global_limit_without_raising_task_limit) ... ok
test_landing_upload_uses_one_awaited_sync_call_without_background_queue (factory.tests.test_landing_api.LandingApiTests.test_landing_upload_uses_one_awaited_sync_call_without_background_queue) ... ok
test_predecessor_contract_migration_showcase_and_published_package_are_frozen (factory.tests.test_landing_api.LandingApiTests.test_predecessor_contract_migration_showcase_and_published_package_are_frozen) ... ok
test_prior_and_mixed_source_tuples_fail_before_provider_or_blob_work (factory.tests.test_landing_api.LandingApiTests.test_prior_and_mixed_source_tuples_fail_before_provider_or_blob_work) ... ok
test_provider_exception_persists_terminal_state_before_idempotent_replay (factory.tests.test_landing_api.LandingApiTests.test_provider_exception_persists_terminal_state_before_idempotent_replay) ... ok
test_routes_are_visible_and_default_provider_is_unavailable_without_blob_read (factory.tests.test_landing_api.LandingApiTests.test_routes_are_visible_and_default_provider_is_unavailable_without_blob_read) ... ok
test_artifact_rejects_nonpassing_or_unbound_evaluation (factory.tests.test_landing_artifact.LandingArtifactTests.test_artifact_rejects_nonpassing_or_unbound_evaluation) ... ok
test_epoch_resolution_fails_closed_on_a_prohibited_member (factory.tests.test_landing_artifact.LandingArtifactTests.test_epoch_resolution_fails_closed_on_a_prohibited_member) ... ok
test_every_epoch_inventory_is_disjoint_from_production_prohibited_set (factory.tests.test_landing_artifact.LandingArtifactTests.test_every_epoch_inventory_is_disjoint_from_production_prohibited_set) ... ok
test_exact_orphan_zip_is_completed_on_retry_without_replacement (factory.tests.test_landing_artifact.LandingArtifactTests.test_exact_orphan_zip_is_completed_on_retry_without_replacement) ... ok
test_invalid_snapshot_paths_modes_identity_and_delta_fail_closed (factory.tests.test_landing_artifact.LandingArtifactTests.test_invalid_snapshot_paths_modes_identity_and_delta_fail_closed) ... ok
test_manifest_binds_both_repositories_and_every_member_provenance (factory.tests.test_landing_artifact.LandingArtifactTests.test_manifest_binds_both_repositories_and_every_member_provenance) ... ok
test_output_pair_is_no_replace_and_product_package_is_unchanged (factory.tests.test_landing_artifact.LandingArtifactTests.test_output_pair_is_no_replace_and_product_package_is_unchanged) ... ok
test_same_candidate_seals_reproducibly_with_exact_deploy_inventory (factory.tests.test_landing_artifact.LandingArtifactTests.test_same_candidate_seals_reproducibly_with_exact_deploy_inventory) ... ok
test_source_symlink_hardlink_special_and_executable_inputs_are_rejected (factory.tests.test_landing_artifact.LandingArtifactTests.test_source_symlink_hardlink_special_and_executable_inputs_are_rejected) ... ok
test_active_landing_and_publication_writers_reject_before_snapshot_and_release (factory.tests.test_landing_backup.LandingBackupTests.test_active_landing_and_publication_writers_reject_before_snapshot_and_release) ... ok
test_backup_never_overwrites_existing_directory_or_symlink (factory.tests.test_landing_backup.LandingBackupTests.test_backup_never_overwrites_existing_directory_or_symlink) ... ok
test_canonical_and_double_slash_destination_overlap_fail_before_creation (factory.tests.test_landing_backup.LandingBackupTests.test_canonical_and_double_slash_destination_overlap_fail_before_creation) ... ok
test_content_tamper_is_detected_before_restore (factory.tests.test_landing_backup.LandingBackupTests.test_content_tamper_is_detected_before_restore) ... ok
test_double_slash_snapshot_read_is_rejected (factory.tests.test_landing_backup.LandingBackupTests.test_double_slash_snapshot_read_is_rejected) ... ok
test_duplicate_manifest_entry_is_rejected_even_with_matching_manifest_digest (factory.tests.test_landing_backup.LandingBackupTests.test_duplicate_manifest_entry_is_rejected_even_with_matching_manifest_digest) ... ok
test_manifest_tamper_is_detected_before_restore (factory.tests.test_landing_backup.LandingBackupTests.test_manifest_tamper_is_detected_before_restore) ... ok
test_offline_config_and_backup_import_without_host_or_live_composition (factory.tests.test_landing_backup.LandingBackupTests.test_offline_config_and_backup_import_without_host_or_live_composition) ... ok
test_offline_test_support_imports_no_web_stack (factory.tests.test_landing_backup.LandingBackupTests.test_offline_test_support_imports_no_web_stack) ... ok
test_populated_publication_intent_round_trip_remains_observation_only (factory.tests.test_landing_backup.LandingBackupTests.test_populated_publication_intent_round_trip_remains_observation_only) ... ok
test_restore_refuses_existing_roots_without_touching_them (factory.tests.test_landing_backup.LandingBackupTests.test_restore_refuses_existing_roots_without_touching_them) ... ok
test_restore_rejects_snapshot_symlink_before_destination_creation (factory.tests.test_landing_backup.LandingBackupTests.test_restore_rejects_snapshot_symlink_before_destination_creation) ... ok
test_restore_reserves_known_copy_budget_before_creating_any_root (factory.tests.test_landing_backup.LandingBackupTests.test_restore_reserves_known_copy_budget_before_creating_any_root) ... ok
test_round_trip_restores_inactive_sqlite_and_artifacts_without_replay (factory.tests.test_landing_backup.LandingBackupTests.test_round_trip_restores_inactive_sqlite_and_artifacts_without_replay) ... ok
test_snapshot_includes_committed_wal_pages_without_side_file_dependencies (factory.tests.test_landing_backup.LandingBackupTests.test_snapshot_includes_committed_wal_pages_without_side_file_dependencies) ... ok
test_symlink_and_hardlink_artifacts_are_rejected (factory.tests.test_landing_backup.LandingBackupTests.test_symlink_and_hardlink_artifacts_are_rejected) ... ok
test_all_six_records_are_closed_round_trip_and_digest_stable (factory.tests.test_landing_contracts.LandingContractTests.test_all_six_records_are_closed_round_trip_and_digest_stable) ... ok
test_asset_paths_are_unambiguous_site_relative_paths (factory.tests.test_landing_contracts.LandingContractTests.test_asset_paths_are_unambiguous_site_relative_paths) ... ok
test_attempt_ordinal_and_evaluator_collections_are_finite_and_closed (factory.tests.test_landing_contracts.LandingContractTests.test_attempt_ordinal_and_evaluator_collections_are_finite_and_closed) ... ok
test_input_binds_the_authoritative_repository_sha_and_tree (factory.tests.test_landing_contracts.LandingContractTests.test_input_binds_the_authoritative_repository_sha_and_tree) ... ok
test_json_parser_rejects_duplicate_keys_and_nonfinite_numbers (factory.tests.test_landing_contracts.LandingContractTests.test_json_parser_rejects_duplicate_keys_and_nonfinite_numbers) ... ok
test_published_v1_provider_evidence_digest_and_schema_remain_unchanged (factory.tests.test_landing_contracts.LandingContractTests.test_published_v1_provider_evidence_digest_and_schema_remain_unchanged) ... ok
test_six_json_schemas_and_frozen_openapi_snapshot_are_closed_version_one (factory.tests.test_landing_contracts.LandingContractTests.test_six_json_schemas_and_frozen_openapi_snapshot_are_closed_version_one) ... ok
test_spec_cta_paths_have_one_same_origin_root_relative_interpretation (factory.tests.test_landing_contracts.LandingContractTests.test_spec_cta_paths_have_one_same_origin_root_relative_interpretation) ... ok
test_spec_preserves_source_indexing_policy_without_provider_authority (factory.tests.test_landing_contracts.LandingContractTests.test_spec_preserves_source_indexing_policy_without_provider_authority) ... ok
test_spec_rejects_markup_remote_paths_and_policy_shaped_content (factory.tests.test_landing_contracts.LandingContractTests.test_spec_rejects_markup_remote_paths_and_policy_shaped_content) ... ok
test_v2_evidence_roundtrip_uses_independent_version_domain (factory.tests.test_landing_contracts.LandingContractTests.test_v2_evidence_roundtrip_uses_independent_version_domain) ... ok
test_evaluator_rejects_tampered_generated_cta (factory.tests.test_landing_coordinator.LandingCoordinatorTests.test_evaluator_rejects_tampered_generated_cta) ... ok
test_independent_evaluator_selects_one_sealed_candidate_without_mutable_best_state (factory.tests.test_landing_coordinator.LandingCoordinatorTests.test_independent_evaluator_selects_one_sealed_candidate_without_mutable_best_state) ... ok
test_repeated_repair_reason_fails_closed_without_a_third_attempt (factory.tests.test_landing_coordinator.LandingCoordinatorTests.test_repeated_repair_reason_fails_closed_without_a_third_attempt) ... ok
test_three_repairs_stop_needs_human_with_fresh_base_and_exact_prior_chain (factory.tests.test_landing_coordinator.LandingCoordinatorTests.test_three_repairs_stop_needs_human_with_fresh_base_and_exact_prior_chain) ... ok
test_unknown_repair_code_and_writer_evaluator_identity_fail_closed (factory.tests.test_landing_coordinator.LandingCoordinatorTests.test_unknown_repair_code_and_writer_evaluator_identity_fail_closed) ... ok
test_absent_backends_consume_each_slot_once_and_replay_has_no_io (factory.tests.test_landing_failover.CallerRoutingTests.test_absent_backends_consume_each_slot_once_and_replay_has_no_io) ... ok
test_each_confirmed_availability_failure_permits_one_next_provider (factory.tests.test_landing_failover.CallerRoutingTests.test_each_confirmed_availability_failure_permits_one_next_provider) ... ok
test_full_chain_has_five_attempts_and_retains_the_actual_openrouter_winner (factory.tests.test_landing_failover.CallerRoutingTests.test_full_chain_has_five_attempts_and_retains_the_actual_openrouter_winner) ... ok
test_policy_accounting_renderer_and_local_authorization_never_fall_back (factory.tests.test_landing_failover.CallerRoutingTests.test_policy_accounting_renderer_and_local_authorization_never_fall_back) ... ok
test_primary_success_and_lost_success_both_select_original_artifact_without_fallback (factory.tests.test_landing_failover.CallerRoutingTests.test_primary_success_and_lost_success_both_select_original_artifact_without_fallback) ... ok
test_restart_after_durable_intent_observes_without_resubmitting (factory.tests.test_landing_failover.CallerRoutingTests.test_restart_after_durable_intent_observes_without_resubmitting) ... ok
test_reused_parent_with_changed_content_conflicts_before_any_new_call (factory.tests.test_landing_failover.CallerRoutingTests.test_reused_parent_with_changed_content_conflicts_before_any_new_call) ... ok
test_authenticated_capability_and_expected_profile_guard_precede_provider_dispatch (factory.tests.test_landing_failover_backend.BackendObservationTests.test_authenticated_capability_and_expected_profile_guard_precede_provider_dispatch) ... ok
test_observation_and_terminal_state_survive_restart_atomically (factory.tests.test_landing_failover_backend.BackendObservationTests.test_observation_and_terminal_state_survive_restart_atomically) ... ok
test_v1_store_migrates_without_fabricating_historical_observations (factory.tests.test_landing_failover_backend.BackendObservationTests.test_v1_store_migrates_without_fabricating_historical_observations) ... ok
test_draft_diagnostics_survive_restart_and_authenticated_receipt_read (factory.tests.test_landing_failover_backend.DraftReceiptPersistenceTests.test_draft_diagnostics_survive_restart_and_authenticated_receipt_read) ... ok
test_historical_generic_receipt_is_not_rewritten_or_enriched (factory.tests.test_landing_failover_backend.DraftReceiptPersistenceTests.test_historical_generic_receipt_is_not_rewritten_or_enriched) ... ok
test_busy_journal_returns_fixed_json_for_every_cli_command (factory.tests.test_landing_failover_cli.CallerBoundaryTests.test_busy_journal_returns_fixed_json_for_every_cli_command) ... ok
test_config_alias_is_rejected_before_read_and_cannot_escape_forbidden_roots (factory.tests.test_landing_failover_cli.CallerBoundaryTests.test_config_alias_is_rejected_before_read_and_cannot_escape_forbidden_roots) ... ok
test_double_slash_inputs_cannot_alias_tokens_config_or_protected_roots (factory.tests.test_landing_failover_cli.CallerBoundaryTests.test_double_slash_inputs_cannot_alias_tokens_config_or_protected_roots) ... ok
test_invalid_sqlite_file_returns_fixed_json_without_dispatch (factory.tests.test_landing_failover_cli.CallerBoundaryTests.test_invalid_sqlite_file_returns_fixed_json_without_dispatch) ... ok
test_absent_primary_real_unix_secondary_lost_post_recovers_existing_winner (factory.tests.test_landing_failover_cli.UnixCallerTests.test_absent_primary_real_unix_secondary_lost_post_recovers_existing_winner) ... ok
test_capability_timeout_advances_without_post_but_auth_and_malformed_capabilities_stop (factory.tests.test_landing_failover_cli.UnixCallerTests.test_capability_timeout_advances_without_post_but_auth_and_malformed_capabilities_stop) ... ok
test_cli_all_absent_has_five_slots_and_never_prints_input_or_tokens (factory.tests.test_landing_failover_cli.UnixCallerTests.test_cli_all_absent_has_five_slots_and_never_prints_input_or_tokens) ... ok
test_anthropic_messages_includes_cached_input_once (factory.tests.test_landing_failover_providers.AdditionalProviderTests.test_anthropic_messages_includes_cached_input_once) ... ok
test_openai_uses_snapshot_and_completion_limit_with_strict_schema (factory.tests.test_landing_failover_providers.AdditionalProviderTests.test_openai_uses_snapshot_and_completion_limit_with_strict_schema) ... ok
test_openrouter_pins_one_upstream_without_nested_fallback (factory.tests.test_landing_failover_providers.AdditionalProviderTests.test_openrouter_pins_one_upstream_without_nested_fallback) ... ok
test_distinct_draft_failures_retain_safe_reasons (factory.tests.test_landing_failover_providers.ProviderObservationTests.test_distinct_draft_failures_retain_safe_reasons) ... ok
test_invalid_executor_results_keep_generic_reason_and_synthetic_evidence (factory.tests.test_landing_failover_providers.ProviderObservationTests.test_invalid_executor_results_keep_generic_reason_and_synthetic_evidence) ... ok
test_permission_and_region_denials_are_ineligible_explicit_categories (factory.tests.test_landing_failover_providers.ProviderObservationTests.test_permission_and_region_denials_are_ineligible_explicit_categories) ... ok
test_policy_code_overrides_availability_status (factory.tests.test_landing_failover_providers.ProviderObservationTests.test_policy_code_overrides_availability_status) ... ok
test_provider_authentication_is_distinct_and_usage_is_unknown (factory.tests.test_landing_failover_providers.ProviderObservationTests.test_provider_authentication_is_distinct_and_usage_is_unknown) ... ok
test_rejected_drafts_preserve_exact_wire_response_digests (factory.tests.test_landing_failover_providers.ProviderObservationTests.test_rejected_drafts_preserve_exact_wire_response_digests) ... ok
test_selected_file_reads_only_the_named_provider_and_rejects_shell_values (factory.tests.test_landing_failover_providers.ProviderObservationTests.test_selected_file_reads_only_the_named_provider_and_rejects_shell_values) ... ok
test_sensitive_model_keys_leave_only_allowlisted_draft_reasons (factory.tests.test_landing_failover_providers.ProviderObservationTests.test_sensitive_model_keys_leave_only_allowlisted_draft_reasons) ... ok
test_unknown_or_malformed_decoder_errors_use_one_safe_fallback (factory.tests.test_landing_failover_providers.ProviderObservationTests.test_unknown_or_malformed_decoder_errors_use_one_safe_fallback) ... ok
test_unreadable_error_body_cannot_turn_permission_or_policy_into_transport_fallback (factory.tests.test_landing_failover_providers.ProviderObservationTests.test_unreadable_error_body_cannot_turn_permission_or_policy_into_transport_fallback) ... ok
test_valid_usage_survives_rejected_draft (factory.tests.test_landing_failover_providers.ProviderObservationTests.test_valid_usage_survives_rejected_draft) ... ok
test_absent_socket_tail_does_not_hide_untrusted_ancestors (factory.tests.test_landing_failover_recovery.CallerRecoveryTests.test_absent_socket_tail_does_not_hide_untrusted_ancestors) ... ok
test_crash_after_dispatch_commit_never_allocates_a_replacement_attempt (factory.tests.test_landing_failover_recovery.CallerRecoveryTests.test_crash_after_dispatch_commit_never_allocates_a_replacement_attempt) ... ok
test_expired_ambiguous_request_is_purged_without_new_provider_calls (factory.tests.test_landing_failover_recovery.CallerRecoveryTests.test_expired_ambiguous_request_is_purged_without_new_provider_calls) ... ok
test_private_journal_rejects_concurrent_writer_and_dangling_database_symlink (factory.tests.test_landing_failover_recovery.CallerRecoveryTests.test_private_journal_rejects_concurrent_writer_and_dangling_database_symlink) ... ok
test_swapped_capability_and_unsupported_media_cannot_dispatch (factory.tests.test_landing_failover_recovery.CallerRecoveryTests.test_swapped_capability_and_unsupported_media_cannot_dispatch) ... ok
test_terminal_winner_purges_spool_and_corrupted_record_cannot_replay (factory.tests.test_landing_failover_recovery.CallerRecoveryTests.test_terminal_winner_purges_spool_and_corrupted_record_cannot_replay) ... ok
test_lost_post_response_resumes_committed_child_without_second_post (factory.tests.test_landing_failover_transport.UnixDeadlineTests.test_lost_post_response_resumes_committed_child_without_second_post) ... ok
test_real_exchange_cancels_headers_body_and_blocked_request_writes (factory.tests.test_landing_failover_transport.UnixDeadlineTests.test_real_exchange_cancels_headers_body_and_blocked_request_writes) ... ok
test_trickled_capability_selects_grok_without_primary_post (factory.tests.test_landing_failover_transport.UnixDeadlineTests.test_trickled_capability_selects_grok_without_primary_post) ... ok
test_actor_loading_authenticator_and_app_creation_failures_release_writer (factory.tests.test_landing_host.LandingHostCompositionTests.test_actor_loading_authenticator_and_app_creation_failures_release_writer) ... ok
test_exceptional_asgi_lifespan_releases_writer (factory.tests.test_landing_host.LandingHostCompositionTests.test_exceptional_asgi_lifespan_releases_writer) ... ok
test_existing_writer_prevents_qwen_credential_read (factory.tests.test_landing_host.LandingHostCompositionTests.test_existing_writer_prevents_qwen_credential_read) ... ok
test_grok_does_not_read_qwen_file_and_qwen_validation_failure_precedes_read (factory.tests.test_landing_host.LandingHostCompositionTests.test_grok_does_not_read_qwen_file_and_qwen_validation_failure_precedes_read) ... ok
test_in_memory_or_missing_composition_cannot_start_dedicated_host (factory.tests.test_landing_host.LandingHostCompositionTests.test_in_memory_or_missing_composition_cannot_start_dedicated_host) ... ok
test_live_qwen_reads_file_only_after_source_validation_and_writer_lock (factory.tests.test_landing_host.LandingHostCompositionTests.test_live_qwen_reads_file_only_after_source_validation_and_writer_lock) ... ok
test_offline_host_does_not_read_explicit_qwen_file (factory.tests.test_landing_host.LandingHostCompositionTests.test_offline_host_does_not_read_explicit_qwen_file) ... ok
test_offline_host_has_only_landing_routes_and_persists_unavailable_jobs (factory.tests.test_landing_host.LandingHostCompositionTests.test_offline_host_has_only_landing_routes_and_persists_unavailable_jobs) ... ok
test_publication_state_must_be_private_before_store_startup (factory.tests.test_landing_host.LandingHostCompositionTests.test_publication_state_must_be_private_before_store_startup) ... ok
test_qwen_credential_file_must_be_outside_all_host_roots (factory.tests.test_landing_host.LandingHostCompositionTests.test_qwen_credential_file_must_be_outside_all_host_roots) ... ok
test_repeated_runtime_close_is_safe_and_releases_writer (factory.tests.test_landing_host.LandingHostCompositionTests.test_repeated_runtime_close_is_safe_and_releases_writer) ... ok
test_actors_and_socket_cannot_be_in_any_durable_root (factory.tests.test_landing_host.LandingHostConfigTests.test_actors_and_socket_cannot_be_in_any_durable_root) ... ok
test_config_file_cannot_be_in_any_durable_root (factory.tests.test_landing_host.LandingHostConfigTests.test_config_file_cannot_be_in_any_durable_root) ... ok
test_config_path_must_be_absolute_without_parent_traversal (factory.tests.test_landing_host.LandingHostConfigTests.test_config_path_must_be_absolute_without_parent_traversal) ... ok
test_config_size_limit_is_inclusive (factory.tests.test_landing_host.LandingHostConfigTests.test_config_size_limit_is_inclusive) ... ok
test_double_leading_slash_cannot_alias_any_configured_path (factory.tests.test_landing_host.LandingHostConfigTests.test_double_leading_slash_cannot_alias_any_configured_path) ... ok
test_double_leading_slash_cannot_hide_overlapping_data_roots (factory.tests.test_landing_host.LandingHostConfigTests.test_double_leading_slash_cannot_hide_overlapping_data_roots) ... ok
test_double_leading_slash_config_path_is_rejected (factory.tests.test_landing_host.LandingHostConfigTests.test_double_leading_slash_config_path_is_rejected) ... ok
test_every_root_pair_rejects_equality_and_both_ancestor_directions (factory.tests.test_landing_host.LandingHostConfigTests.test_every_root_pair_rejects_equality_and_both_ancestor_directions) ... ok
test_json_rejects_duplicates_nonfinite_malformed_and_non_objects (factory.tests.test_landing_host.LandingHostConfigTests.test_json_rejects_duplicates_nonfinite_malformed_and_non_objects) ... ok
test_missing_or_unknown_configuration_keys_are_rejected (factory.tests.test_landing_host.LandingHostConfigTests.test_missing_or_unknown_configuration_keys_are_rejected) ... ok
test_paths_must_be_absolute_without_parent_traversal (factory.tests.test_landing_host.LandingHostConfigTests.test_paths_must_be_absolute_without_parent_traversal) ... ok
test_private_config_rejects_public_mode_directory_and_missing_file (factory.tests.test_landing_host.LandingHostConfigTests.test_private_config_rejects_public_mode_directory_and_missing_file) ... ok
test_private_config_rejects_symlink_file_and_symlink_parent (factory.tests.test_landing_host.LandingHostConfigTests.test_private_config_rejects_symlink_file_and_symlink_parent) ... ok
test_profiles_require_explicit_live_enablement (factory.tests.test_landing_host.LandingHostConfigTests.test_profiles_require_explicit_live_enablement) ... ok
test_schema_enablement_and_profile_types_are_closed (factory.tests.test_landing_host.LandingHostConfigTests.test_schema_enablement_and_profile_types_are_closed) ... ok
test_listener_close_failure_still_releases_runtime_and_unlinks_socket (factory.tests.test_landing_host.LandingHostMainTests.test_listener_close_failure_still_releases_runtime_and_unlinks_socket) ... ok
test_run_failure_remains_in_cleanup_failure_exception_chain (factory.tests.test_landing_host.LandingHostMainTests.test_run_failure_remains_in_cleanup_failure_exception_chain) ... ok
test_runtime_close_failure_still_unlinks_socket (factory.tests.test_landing_host.LandingHostMainTests.test_runtime_close_failure_still_unlinks_socket) ... ok
test_shutdown_preserves_replacement_regular_file_symlink_and_socket (factory.tests.test_landing_host.LandingHostMainTests.test_shutdown_preserves_replacement_regular_file_symlink_and_socket) ... ok
test_shutdown_preserves_socket_when_effective_owner_changes (factory.tests.test_landing_host.LandingHostMainTests.test_shutdown_preserves_socket_when_effective_owner_changes) ... ok
test_socket_prepare_failure_releases_runtime_and_preserves_regular_entry (factory.tests.test_landing_host.LandingHostMainTests.test_socket_prepare_failure_releases_runtime_and_preserves_regular_entry) ... ok
test_socket_removed_by_server_is_harmless_at_shutdown (factory.tests.test_landing_host.LandingHostMainTests.test_socket_removed_by_server_is_harmless_at_shutdown) ... ok
test_startup_identity_failure_does_not_delete_unidentified_socket (factory.tests.test_landing_host.LandingHostMainTests.test_startup_identity_failure_does_not_delete_unidentified_socket) ... ok
test_success_uses_owned_listener_and_releases_all_resources (factory.tests.test_landing_host.LandingHostMainTests.test_success_uses_owned_listener_and_releases_all_resources) ... ok
test_uvicorn_config_server_construction_and_run_failures_release_resources (factory.tests.test_landing_host.LandingHostMainTests.test_uvicorn_config_server_construction_and_run_failures_release_resources) ... ok
test_all_five_media_kinds_stream_to_private_tenant_bound_records (factory.tests.test_landing_intake.LandingIntakeTests.test_all_five_media_kinds_stream_to_private_tenant_bound_records) ... ok
test_cross_tenant_repository_and_job_access_fail_closed (factory.tests.test_landing_intake.LandingIntakeTests.test_cross_tenant_repository_and_job_access_fail_closed) ... ok
test_docx_relationship_serialization_and_embedded_packages_fail_closed (factory.tests.test_landing_intake.LandingIntakeTests.test_docx_relationship_serialization_and_embedded_packages_fail_closed) ... ok
test_expired_reads_and_restarted_orphans_are_removed_without_following_links (factory.tests.test_landing_intake.LandingIntakeTests.test_expired_reads_and_restarted_orphans_are_removed_without_following_links) ... ok
test_mp3_and_ogg_duration_is_bounded_and_unknown_duration_fails_closed (factory.tests.test_landing_intake.LandingIntakeTests.test_mp3_and_ogg_duration_is_bounded_and_unknown_duration_fails_closed) ... ok
test_purge_is_bounded_idempotent_and_makes_blob_unavailable (factory.tests.test_landing_intake.LandingIntakeTests.test_purge_is_bounded_idempotent_and_makes_blob_unavailable) ... ok
test_quarantine_root_cannot_be_inside_repository_or_a_symlink (factory.tests.test_landing_intake.LandingIntakeTests.test_quarantine_root_cannot_be_inside_repository_or_a_symlink) ... ok
test_replay_is_idempotent_but_changed_bytes_conflict (factory.tests.test_landing_intake.LandingIntakeTests.test_replay_is_idempotent_but_changed_bytes_conflict) ... ok
test_type_shape_and_hard_limits_reject_without_retained_partial_blob (factory.tests.test_landing_intake.LandingIntakeTests.test_type_shape_and_hard_limits_reject_without_retained_partial_blob) ... ok
test_disabled_binding_cannot_compose_live (factory.tests.test_landing_live.FactoryLiveAutoLandingTests.test_disabled_binding_cannot_compose_live) ... ok
test_injected_executor_automatically_seals_complete_artifact (factory.tests.test_landing_live.FactoryLiveAutoLandingTests.test_injected_executor_automatically_seals_complete_artifact) ... ok
test_observed_landing_sha_fails_closed_before_executor (factory.tests.test_landing_live.FactoryLiveAutoLandingTests.test_observed_landing_sha_fails_closed_before_executor) ... ok
test_pdf_stops_before_executor_on_live_composition (factory.tests.test_landing_live.FactoryLiveAutoLandingTests.test_pdf_stops_before_executor_on_live_composition) ... ok
test_unavailable_composition_never_calls_executor_or_sets_live_url (factory.tests.test_landing_live.FactoryLiveAutoLandingTests.test_unavailable_composition_never_calls_executor_or_sets_live_url) ... ok
test_aggregate_output_at_cap_passes_but_one_token_over_is_rejected (factory.tests.test_landing_live_executors.GrokReasoningUsageTests.test_aggregate_output_at_cap_passes_but_one_token_over_is_rejected) ... ok
test_all_enabled_qwen_profile_digests_retain_existing_bindings (factory.tests.test_landing_live_executors.GrokReasoningUsageTests.test_all_enabled_qwen_profile_digests_retain_existing_bindings) ... ok
test_captured_reasoning_normalizes_into_aggregate_output_and_current_evidence (factory.tests.test_landing_live_executors.GrokReasoningUsageTests.test_captured_reasoning_normalizes_into_aggregate_output_and_current_evidence) ... ok
test_legacy_usage_absent_zero_or_inclusive_reasoning_is_not_double_counted (factory.tests.test_landing_live_executors.GrokReasoningUsageTests.test_legacy_usage_absent_zero_or_inclusive_reasoning_is_not_double_counted) ... ok
test_malformed_detail_containers_are_rejected (factory.tests.test_landing_live_executors.GrokReasoningUsageTests.test_malformed_detail_containers_are_rejected) ... ok
test_malformed_reasoning_is_rejected_even_when_totals_are_inclusive (factory.tests.test_landing_live_executors.GrokReasoningUsageTests.test_malformed_reasoning_is_rejected_even_when_totals_are_inclusive) ... ok
test_qwen_nonstreaming_accounting_and_evidence_remain_unchanged (factory.tests.test_landing_live_executors.GrokReasoningUsageTests.test_qwen_nonstreaming_accounting_and_evidence_remain_unchanged) ... ok
test_required_usage_counters_remain_bounded_integers (factory.tests.test_landing_live_executors.GrokReasoningUsageTests.test_required_usage_counters_remain_bounded_integers) ... ok
test_retained_grok_v1_v2_evidence_preserves_old_identity_and_counts (factory.tests.test_landing_live_executors.GrokReasoningUsageTests.test_retained_grok_v1_v2_evidence_preserves_old_identity_and_counts) ... ok
test_separate_reasoning_does_not_relax_exact_model_binding (factory.tests.test_landing_live_executors.GrokReasoningUsageTests.test_separate_reasoning_does_not_relax_exact_model_binding) ... ok
test_unexplained_totals_and_inclusive_reasoning_above_completion_are_rejected (factory.tests.test_landing_live_executors.GrokReasoningUsageTests.test_unexplained_totals_and_inclusive_reasoning_above_completion_are_rejected) ... ok
test_http_malformed_sections_return_controlled_outcome_with_evidence (factory.tests.test_landing_live_executors.HttpLandingDraftNormalizationTests.test_http_malformed_sections_return_controlled_outcome_with_evidence) ... ok
test_http_provider_normalizes_mixed_language_unsorted_duplicate_items (factory.tests.test_landing_live_executors.HttpLandingDraftNormalizationTests.test_http_provider_normalizes_mixed_language_unsorted_duplicate_items) ... ok
test_empty_constructor_key_fails_closed (factory.tests.test_landing_live_executors.LandingLiveExecutorTests.test_empty_constructor_key_fails_closed) ... ok
test_factory_server_does_not_import_httpx_or_live_executors (factory.tests.test_landing_live_executors.LandingLiveExecutorTests.test_factory_server_does_not_import_httpx_or_live_executors) ... ok
test_grok_mock_transport_returns_draft_json (factory.tests.test_landing_live_executors.LandingLiveExecutorTests.test_grok_mock_transport_returns_draft_json) ... ok
test_host_requirements_match_current_python_and_httpx (factory.tests.test_landing_live_executors.LandingLiveExecutorTests.test_host_requirements_match_current_python_and_httpx) ... ok
test_http_error_status_fails_closed (factory.tests.test_landing_live_executors.LandingLiveExecutorTests.test_http_error_status_fails_closed) ... ok
test_landing_runtime_does_not_import_httpx (factory.tests.test_landing_live_executors.LandingLiveExecutorTests.test_landing_runtime_does_not_import_httpx) ... ok
test_malformed_body_fails_closed (factory.tests.test_landing_live_executors.LandingLiveExecutorTests.test_malformed_body_fails_closed) ... ok
test_missing_env_key_fails_closed (factory.tests.test_landing_live_executors.LandingLiveExecutorTests.test_missing_env_key_fails_closed) ... ok
test_non_https_base_url_fails_closed (factory.tests.test_landing_live_executors.LandingLiveExecutorTests.test_non_https_base_url_fails_closed) ... ok
test_pyproject_pins_match_host_record (factory.tests.test_landing_live_executors.LandingLiveExecutorTests.test_pyproject_pins_match_host_record) ... ok
test_qwen_mock_transport_returns_draft_json (factory.tests.test_landing_live_executors.LandingLiveExecutorTests.test_qwen_mock_transport_returns_draft_json) ... ok
test_sync_only_transport_is_rejected_before_any_request (factory.tests.test_landing_live_executors.LandingLiveExecutorTests.test_sync_only_transport_is_rejected_before_any_request) ... ok
test_transport_error_fails_closed (factory.tests.test_landing_live_executors.LandingLiveExecutorTests.test_transport_error_fails_closed) ... ok
test_compose_env_landing_grok_seals_with_mocked_http (factory.tests.test_landing_live_executors.LandingLiveGrokQwenCompositionTests.test_compose_env_landing_grok_seals_with_mocked_http) ... ok
test_compose_env_landing_unknown_provider_fails_closed (factory.tests.test_landing_live_executors.LandingLiveGrokQwenCompositionTests.test_compose_env_landing_unknown_provider_fails_closed) ... ok
test_compose_env_landing_unset_provider_returns_none (factory.tests.test_landing_live_executors.LandingLiveGrokQwenCompositionTests.test_compose_env_landing_unset_provider_returns_none) ... ok
test_explicit_qwen_region_rejects_conflicting_profile_before_credentials (factory.tests.test_landing_live_executors.LandingLiveGrokQwenCompositionTests.test_explicit_qwen_region_rejects_conflicting_profile_before_credentials) ... ok
test_grok_compose_seals_complete_artifact_with_mocked_http (factory.tests.test_landing_live_executors.LandingLiveGrokQwenCompositionTests.test_grok_compose_seals_complete_artifact_with_mocked_http) ... ok
test_malformed_sections_persist_controlled_reason_and_evidence (factory.tests.test_landing_live_executors.LandingLiveGrokQwenCompositionTests.test_malformed_sections_persist_controlled_reason_and_evidence) ... ok
test_qwen_compose_seals_complete_artifact_with_mocked_http (factory.tests.test_landing_live_executors.LandingLiveGrokQwenCompositionTests.test_qwen_compose_seals_complete_artifact_with_mocked_http) ... ok
test_environment_alias_has_explicit_project_key_precedence (factory.tests.test_landing_live_executors.QwenCredentialAndProfileTests.test_environment_alias_has_explicit_project_key_precedence) ... ok
test_environment_composition_accepts_both_omni_profiles (factory.tests.test_landing_live_executors.QwenCredentialAndProfileTests.test_environment_composition_accepts_both_omni_profiles) ... ok
test_explicit_file_reads_only_standard_assignment_without_interpolation (factory.tests.test_landing_live_executors.QwenCredentialAndProfileTests.test_explicit_file_reads_only_standard_assignment_without_interpolation) ... ok
test_failover_chain_excludes_both_omni_profiles (factory.tests.test_landing_live_executors.QwenCredentialAndProfileTests.test_failover_chain_excludes_both_omni_profiles) ... ok
test_file_rejects_missing_duplicate_empty_expansion_and_malformed_values (factory.tests.test_landing_live_executors.QwenCredentialAndProfileTests.test_file_rejects_missing_duplicate_empty_expansion_and_malformed_values) ... ok
test_international_omni_profile_is_streaming_and_five_media (factory.tests.test_landing_live_executors.QwenCredentialAndProfileTests.test_international_omni_profile_is_streaming_and_five_media) ... ok
test_malformed_provider_unicode_is_closed_at_decoder_and_probe_cli (factory.tests.test_landing_live_executors.QwenCredentialAndProfileTests.test_malformed_provider_unicode_is_closed_at_decoder_and_probe_cli) ... ok
test_private_file_mode_symlink_size_and_path_rejection (factory.tests.test_landing_live_executors.QwenCredentialAndProfileTests.test_private_file_mode_symlink_size_and_path_rejection) ... ok
test_probe_cli_failure_never_prints_exception_or_credential (factory.tests.test_landing_live_executors.QwenCredentialAndProfileTests.test_probe_cli_failure_never_prints_exception_or_credential) ... ok
test_probe_cli_reports_authentication_class_without_the_body (factory.tests.test_landing_live_executors.QwenCredentialAndProfileTests.test_probe_cli_reports_authentication_class_without_the_body) ... ok
test_probe_failure_output_clamps_unknown_category_and_invalid_status (factory.tests.test_landing_live_executors.QwenCredentialAndProfileTests.test_probe_failure_output_clamps_unknown_category_and_invalid_status) ... ok
test_probe_rejects_invalid_draft_after_valid_http_envelope (factory.tests.test_landing_live_executors.QwenCredentialAndProfileTests.test_probe_rejects_invalid_draft_after_valid_http_envelope) ... ok
test_probe_rejects_malformed_draft_and_usage (factory.tests.test_landing_live_executors.QwenCredentialAndProfileTests.test_probe_rejects_malformed_draft_and_usage) ... ok
test_probe_uses_real_executor_decoder_and_reports_only_safe_facts (factory.tests.test_landing_live_executors.QwenCredentialAndProfileTests.test_probe_uses_real_executor_decoder_and_reports_only_safe_facts) ... ok
test_profile_facts_keep_the_backend_capability_contract_shape (factory.tests.test_landing_live_executors.QwenCredentialAndProfileTests.test_profile_facts_keep_the_backend_capability_contract_shape) ... ok
test_provider_enumerations_stay_subsets_of_the_profile_table (factory.tests.test_landing_live_executors.QwenCredentialAndProfileTests.test_provider_enumerations_stay_subsets_of_the_profile_table) ... ok
test_qwen_intl_is_pinned_and_distinct_from_existing_china_profile (factory.tests.test_landing_live_executors.QwenCredentialAndProfileTests.test_qwen_intl_is_pinned_and_distinct_from_existing_china_profile) ... ok
test_selector_failures_terminate_reap_child_and_close_every_pipe (factory.tests.test_landing_media.PdfChildLifetimeTests.test_selector_failures_terminate_reap_child_and_close_every_pipe) ... ok
test_successful_child_exchange_returns_text_and_closes_pipes (factory.tests.test_landing_media.PdfChildLifetimeTests.test_successful_child_exchange_returns_text_and_closes_pipes) ... ok
test_duplicate_docx_document_members_are_rejected_in_both_orders (factory.tests.test_landing_normalizer.CodexLandingNormalizerTests.test_duplicate_docx_document_members_are_rejected_in_both_orders) ... ok
test_invalid_text_and_malformed_model_result_fail_closed (factory.tests.test_landing_normalizer.CodexLandingNormalizerTests.test_invalid_text_and_malformed_model_result_fail_closed) ... ok
test_malformed_sections_return_controlled_outcome_with_evidence (factory.tests.test_landing_normalizer.CodexLandingNormalizerTests.test_malformed_sections_return_controlled_outcome_with_evidence) ... ok
test_pdf_and_audio_need_human_before_blob_or_executor (factory.tests.test_landing_normalizer.CodexLandingNormalizerTests.test_pdf_and_audio_need_human_before_blob_or_executor) ... ok
test_profile_drift_is_rejected_before_blob_read (factory.tests.test_landing_normalizer.CodexLandingNormalizerTests.test_profile_drift_is_rejected_before_blob_read) ... ok
test_text_image_and_safe_docx_use_one_closed_executor_call (factory.tests.test_landing_normalizer.CodexLandingNormalizerTests.test_text_image_and_safe_docx_use_one_closed_executor_call) ... ok
test_unavailable_profile_stops_before_blob_read_or_executor (factory.tests.test_landing_normalizer.CodexLandingNormalizerTests.test_unavailable_profile_stops_before_blob_read_or_executor) ... ok
test_invalid_items_keep_their_strict_rejection (factory.tests.test_landing_normalizer.DraftItemCanonicalizationTests.test_invalid_items_keep_their_strict_rejection) ... ok
test_item_limit_applies_before_deduplication (factory.tests.test_landing_normalizer.DraftItemCanonicalizationTests.test_item_limit_applies_before_deduplication) ... ok
test_malformed_outer_sections_raise_contract_error (factory.tests.test_landing_normalizer.DraftItemCanonicalizationTests.test_malformed_outer_sections_raise_contract_error) ... ok
test_mixed_language_and_escaped_items_have_stable_canonical_digest (factory.tests.test_landing_normalizer.DraftItemCanonicalizationTests.test_mixed_language_and_escaped_items_have_stable_canonical_digest) ... ok
test_model_order_and_duplicates_are_canonicalized (factory.tests.test_landing_normalizer.DraftItemCanonicalizationTests.test_model_order_and_duplicates_are_canonicalized) ... ok
test_section_fields_and_content_remain_closed (factory.tests.test_landing_normalizer.DraftItemCanonicalizationTests.test_section_fields_and_content_remain_closed) ... ok
test_strict_spec_still_rejects_noncanonical_items_outside_decoder (factory.tests.test_landing_normalizer.DraftItemCanonicalizationTests.test_strict_spec_still_rejects_noncanonical_items_outside_decoder) ... ok
test_twelve_sections_keep_their_original_order (factory.tests.test_landing_normalizer.DraftItemCanonicalizationTests.test_twelve_sections_keep_their_original_order) ... ok
test_decoder_drift_is_rejected_before_any_spawn (factory.tests.test_landing_pdf_worker.PdfWorkerInputGuards.test_decoder_drift_is_rejected_before_any_spawn) ... ok
test_empty_payload_is_rejected_before_any_spawn (factory.tests.test_landing_pdf_worker.PdfWorkerInputGuards.test_empty_payload_is_rejected_before_any_spawn) ... ok
test_blank_pdf_reports_empty_or_scanned (factory.tests.test_landing_pdf_worker.PdfWorkerWithPinnedParser.test_blank_pdf_reports_empty_or_scanned) ... ok
test_corrupt_pdf_reports_invalid (factory.tests.test_landing_pdf_worker.PdfWorkerWithPinnedParser.test_corrupt_pdf_reports_invalid) ... ok
test_maximum_page_count_reaches_content_validation (factory.tests.test_landing_pdf_worker.PdfWorkerWithPinnedParser.test_maximum_page_count_reaches_content_validation) ... ok
test_oversized_page_count_reports_page_limit (factory.tests.test_landing_pdf_worker.PdfWorkerWithPinnedParser.test_oversized_page_count_reports_page_limit) ... ok
test_textual_pdf_returns_normalized_text (factory.tests.test_landing_pdf_worker.PdfWorkerWithPinnedParser.test_textual_pdf_returns_normalized_text) ... ok
test_worker_executes_and_reports_parser_unavailable (factory.tests.test_landing_pdf_worker.PdfWorkerWithoutParser.test_worker_executes_and_reports_parser_unavailable) ... skipped 'pinned pypdf 6.18.1 present; unavailable branch cannot run'
test_blob_digest_mismatch_fails_without_process (factory.tests.test_landing_provider.LandingProviderTests.test_blob_digest_mismatch_fails_without_process) ... ok
test_explicit_sealed_fixture_normalizes_all_five_kinds_to_same_semantics (factory.tests.test_landing_provider.LandingProviderTests.test_explicit_sealed_fixture_normalizes_all_five_kinds_to_same_semantics) ... ok
test_outcome_state_spec_and_evidence_disposition_are_closed (factory.tests.test_landing_provider.LandingProviderTests.test_outcome_state_spec_and_evidence_disposition_are_closed) ... ok
test_profile_mismatch_and_executable_drift_fail_before_blob_read (factory.tests.test_landing_provider.LandingProviderTests.test_profile_mismatch_and_executable_drift_fail_before_blob_read) ... ok
test_profile_rejects_shell_or_environment_shaped_configuration (factory.tests.test_landing_provider.LandingProviderTests.test_profile_rejects_shell_or_environment_shaped_configuration) ... ok
test_stdout_stderr_and_wall_time_are_hard_bounded (factory.tests.test_landing_provider.LandingProviderTests.test_stdout_stderr_and_wall_time_are_hard_bounded) ... ok
test_strict_jsonl_and_closed_spec_fail_without_native_retention (factory.tests.test_landing_provider.LandingProviderTests.test_strict_jsonl_and_closed_spec_fail_without_native_retention) ... ok
test_unavailable_default_stops_before_blob_read_or_process_creation (factory.tests.test_landing_provider.LandingProviderTests.test_unavailable_default_stops_before_blob_read_or_process_creation) ... ok
test_authority_rejects_github_suffix_hosts_and_accepts_exact_remote_forms (factory.tests.test_landing_publication_cli.LandingPublicationBoundaryTests.test_authority_rejects_github_suffix_hosts_and_accepts_exact_remote_forms) ... ok
test_authority_rejects_unavailable_control_identity_before_grant_read (factory.tests.test_landing_publication_cli.LandingPublicationBoundaryTests.test_authority_rejects_unavailable_control_identity_before_grant_read) ... ok
test_changed_archive_or_manifest_cannot_reach_authority_or_filesystem (factory.tests.test_landing_publication_cli.LandingPublicationBoundaryTests.test_changed_archive_or_manifest_cannot_reach_authority_or_filesystem) ... ok
test_committed_stage_and_activation_reconcile_after_store_restart_without_replay (factory.tests.test_landing_publication_cli.LandingPublicationBoundaryTests.test_committed_stage_and_activation_reconcile_after_store_restart_without_replay) ... ok
test_direct_apply_requires_injected_authority_before_config_or_state_access (factory.tests.test_landing_publication_cli.LandingPublicationBoundaryTests.test_direct_apply_requires_injected_authority_before_config_or_state_access) ... ok
test_pointer_failure_records_ambiguity_and_never_replays_on_reconcile (factory.tests.test_landing_publication_cli.LandingPublicationBoundaryTests.test_pointer_failure_records_ambiguity_and_never_replays_on_reconcile) ... ok
test_publication_paths_reject_double_slash_alias_before_read_or_open (factory.tests.test_landing_publication_cli.LandingPublicationBoundaryTests.test_publication_paths_reject_double_slash_alias_before_read_or_open) ... ok
test_repository_entrypoint_injects_authority_into_real_cli (factory.tests.test_landing_publication_cli.LandingPublicationBoundaryTests.test_repository_entrypoint_injects_authority_into_real_cli) ... ok
test_restore_returns_to_prior_release_and_rejects_stale_lineage (factory.tests.test_landing_publication_cli.LandingPublicationBoundaryTests.test_restore_returns_to_prior_release_and_rejects_stale_lineage) ... ok
test_restore_to_empty_baseline_requires_activated_lineage_and_exact_authority (factory.tests.test_landing_publication_cli.LandingPublicationBoundaryTests.test_restore_to_empty_baseline_requires_activated_lineage_and_exact_authority) ... ok
test_sqlite_uri_roundtrip_preserves_special_characters_and_readonly_does_not_create (factory.tests.test_landing_publication_cli.LandingPublicationBoundaryTests.test_sqlite_uri_roundtrip_preserves_special_characters_and_readonly_does_not_create) ... ok
test_stage_observation_verifies_files_and_rejects_symlink_or_hardlink_replacement (factory.tests.test_landing_publication_cli.LandingPublicationBoundaryTests.test_stage_observation_verifies_files_and_rejects_symlink_or_hardlink_replacement) ... ok
test_synthetic_stale_foreign_and_duplicate_grants_cannot_advance_intent (factory.tests.test_landing_publication_cli.LandingPublicationBoundaryTests.test_synthetic_stale_foreign_and_duplicate_grants_cannot_advance_intent) ... ok
test_tenant_and_repository_reference_mismatch_is_rejected_before_state_read (factory.tests.test_landing_publication_cli.LandingPublicationBoundaryTests.test_tenant_and_repository_reference_mismatch_is_rejected_before_state_read) ... ok
test_changed_request_cannot_replace_an_existing_intent_under_altered_unique_policy (factory.tests.test_landing_publication_cli.PublicationStoreSchemaTests.test_changed_request_cannot_replace_an_existing_intent_under_altered_unique_policy) ... ok
test_conflict_policies_and_obfuscated_declarations_are_unsupported_in_both_modes (factory.tests.test_landing_publication_cli.PublicationStoreSchemaTests.test_conflict_policies_and_obfuscated_declarations_are_unsupported_in_both_modes) ... ok
test_supported_declaration_preserves_case_and_whitespace_compatibility (factory.tests.test_landing_publication_cli.PublicationStoreSchemaTests.test_supported_declaration_preserves_case_and_whitespace_compatibility) ... ok
test_supported_schema_reopens_and_unique_request_id_remains_idempotent (factory.tests.test_landing_publication_cli.PublicationStoreSchemaTests.test_supported_schema_reopens_and_unique_request_id_remains_idempotent) ... ok
test_weaker_constraints_types_and_unexpected_schema_objects_fail_closed (factory.tests.test_landing_publication_cli.PublicationStoreSchemaTests.test_weaker_constraints_types_and_unexpected_schema_objects_fail_closed) ... ok
test_wrong_application_or_version_rejects_without_migration (factory.tests.test_landing_publication_cli.PublicationStoreSchemaTests.test_wrong_application_or_version_rejects_without_migration) ... ok
test_current_source_identity_and_external_stylesheet_contract_are_exact (factory.tests.test_landing_renderer.LandingRendererTests.test_current_source_identity_and_external_stylesheet_contract_are_exact) ... ok
test_exact_target_workspace_is_private_detached_independent_and_two_file_bounded (factory.tests.test_landing_renderer.LandingRendererTests.test_exact_target_workspace_is_private_detached_independent_and_two_file_bounded) ... ok
test_renderer_escapes_spec_and_preserves_source_indexing_jsonld_and_csp_facts (factory.tests.test_landing_renderer.LandingRendererTests.test_renderer_escapes_spec_and_preserves_source_indexing_jsonld_and_csp_facts) ... ok
test_renderer_revalidates_forged_cta_before_emission (factory.tests.test_landing_renderer.LandingRendererTests.test_renderer_revalidates_forged_cta_before_emission) ... ok
test_workspace_api_has_no_ref_network_or_arbitrary_path_controls (factory.tests.test_landing_renderer.LandingRendererTests.test_workspace_api_has_no_ref_network_or_arbitrary_path_controls) ... ok
test_workspace_cleanup_is_unconditional_when_renderer_fails (factory.tests.test_landing_renderer.LandingRendererTests.test_workspace_cleanup_is_unconditional_when_renderer_fails) ... ok
test_wrong_repository_identity_fails_before_workspace_creation (factory.tests.test_landing_renderer.LandingRendererTests.test_wrong_repository_identity_fails_before_workspace_creation) ... ok
test_mixed_evidence_readers_persist_restart_and_reject_tampering_without_http (factory.tests.test_landing_runtime.CoordinatedLandingArtifactBuilderTests.test_mixed_evidence_readers_persist_restart_and_reject_tampering_without_http) ... ok
test_offline_fixture_reaches_artifact_and_retains_full_sealed_metadata (factory.tests.test_landing_runtime.CoordinatedLandingArtifactBuilderTests.test_offline_fixture_reaches_artifact_and_retains_full_sealed_metadata) ... ok
test_sqlite_service_restart_retains_revalidates_and_never_replays_artifact (factory.tests.test_landing_runtime.CoordinatedLandingArtifactBuilderTests.test_sqlite_service_restart_retains_revalidates_and_never_replays_artifact) ... ok
test_competing_writer_never_initializes_quarantine (factory.tests.test_landing_server.LandingServerOwnershipTests.test_competing_writer_never_initializes_quarantine) ... ok
test_competing_writer_prevents_live_credential_access (factory.tests.test_landing_server.LandingServerOwnershipTests.test_competing_writer_prevents_live_credential_access) ... ok
test_composition_failure_or_interrupt_releases_owner (factory.tests.test_landing_server.LandingServerOwnershipTests.test_composition_failure_or_interrupt_releases_owner) ... ok
test_default_off_owns_store_without_source_or_credentials_and_closes_twice (factory.tests.test_landing_server.LandingServerOwnershipTests.test_default_off_owns_store_without_source_or_credentials_and_closes_twice) ... ok
test_default_off_rejects_double_slash_alias_of_state_as_quarantine (factory.tests.test_landing_server.LandingServerOwnershipTests.test_default_off_rejects_double_slash_alias_of_state_as_quarantine) ... ok
test_every_landing_root_rejects_double_slash_before_io_for_all_profiles (factory.tests.test_landing_server.LandingServerOwnershipTests.test_every_landing_root_rejects_double_slash_before_io_for_all_profiles) ... ok
test_existing_server_application_construction_failure_releases_owner (factory.tests.test_landing_server.LandingServerOwnershipTests.test_existing_server_application_construction_failure_releases_owner) ... ok
test_existing_server_lifespan_holds_and_releases_owner_on_normal_and_error_exit (factory.tests.test_landing_server.LandingServerOwnershipTests.test_existing_server_lifespan_holds_and_releases_owner_on_normal_and_error_exit) ... ok
test_existing_server_main_cleanup_stages_survive_listener_or_runtime_close_failure (factory.tests.test_landing_server.LandingServerOwnershipTests.test_existing_server_main_cleanup_stages_survive_listener_or_runtime_close_failure) ... ok
test_interruption_after_flock_releases_unreturned_descriptor (factory.tests.test_landing_server.LandingServerOwnershipTests.test_interruption_after_flock_releases_unreturned_descriptor) ... ok
test_invalid_source_or_other_provider_never_reads_qwen_file (factory.tests.test_landing_server.LandingServerOwnershipTests.test_invalid_source_or_other_provider_never_reads_qwen_file) ... ok
test_live_source_precedes_credential_and_credential_requires_ownership (factory.tests.test_landing_server.LandingServerOwnershipTests.test_live_source_precedes_credential_and_credential_requires_ownership) ... ok
test_sqlite_initialization_interrupt_and_cleanup_failure_release_writer (factory.tests.test_landing_server.LandingServerOwnershipTests.test_sqlite_initialization_interrupt_and_cleanup_failure_release_writer) ... ok
test_cancel_replay_is_durable_full_key_bound_and_stale_writes_fail (factory.tests.test_landing_sqlite_store.SQLiteLandingJobStoreTests.test_cancel_replay_is_durable_full_key_bound_and_stale_writes_fail) ... ok
test_decoded_source_is_bound_to_physical_row_identity (factory.tests.test_landing_sqlite_store.SQLiteLandingJobStoreTests.test_decoded_source_is_bound_to_physical_row_identity) ... ok
test_initializes_private_wal_full_schema_and_rejects_unsafe_or_unknown_root (factory.tests.test_landing_sqlite_store.SQLiteLandingJobStoreTests.test_initializes_private_wal_full_schema_and_rejects_unsafe_or_unknown_root) ... ok
test_recovered_submit_returns_terminal_without_provider_or_builder_replay (factory.tests.test_landing_sqlite_store.SQLiteLandingJobStoreTests.test_recovered_submit_returns_terminal_without_provider_or_builder_replay) ... ok
test_schema_identity_inventory_keys_foreign_key_and_strictness_are_exact (factory.tests.test_landing_sqlite_store.SQLiteLandingJobStoreTests.test_schema_identity_inventory_keys_foreign_key_and_strictness_are_exact) ... ok
test_startup_recovery_is_bounded_and_never_replays_processing_work (factory.tests.test_landing_sqlite_store.SQLiteLandingJobStoreTests.test_startup_recovery_is_bounded_and_never_replays_processing_work) ... ok
test_submit_and_terminal_replay_survive_restart_and_changed_material_conflicts (factory.tests.test_landing_sqlite_store.SQLiteLandingJobStoreTests.test_submit_and_terminal_replay_survive_restart_and_changed_material_conflicts) ... ok
test_comment_lines_are_ignored (factory.tests.test_landing_sse.QwenOmniStreamDecoderTests.test_comment_lines_are_ignored) ... ok
test_content_ceiling_is_rejected (factory.tests.test_landing_sse.QwenOmniStreamDecoderTests.test_content_ceiling_is_rejected) ... ok
test_crlf_and_split_frames_reassemble (factory.tests.test_landing_sse.QwenOmniStreamDecoderTests.test_crlf_and_split_frames_reassemble) ... ok
test_done_before_stop_is_incomplete (factory.tests.test_landing_sse.QwenOmniStreamDecoderTests.test_done_before_stop_is_incomplete) ... ok
test_duplicate_usage_event_is_rejected (factory.tests.test_landing_sse.QwenOmniStreamDecoderTests.test_duplicate_usage_event_is_rejected) ... ok
test_event_body_ceiling_is_rejected (factory.tests.test_landing_sse.QwenOmniStreamDecoderTests.test_event_body_ceiling_is_rejected) ... ok
test_event_count_ceiling_is_rejected (factory.tests.test_landing_sse.QwenOmniStreamDecoderTests.test_event_count_ceiling_is_rejected) ... ok
test_finish_flushes_a_line_left_without_a_trailing_newline (factory.tests.test_landing_sse.QwenOmniStreamDecoderTests.test_finish_flushes_a_line_left_without_a_trailing_newline) ... ok
test_finish_flushes_an_open_data_block (factory.tests.test_landing_sse.QwenOmniStreamDecoderTests.test_finish_flushes_an_open_data_block) ... ok
test_finish_requires_done_flag_and_non_blank_text (factory.tests.test_landing_sse.QwenOmniStreamDecoderTests.test_finish_requires_done_flag_and_non_blank_text) ... ok
test_happy_path_returns_draft_digest_and_usage (factory.tests.test_landing_sse.QwenOmniStreamDecoderTests.test_happy_path_returns_draft_digest_and_usage) ... ok
test_identity_must_be_stable_and_complete (factory.tests.test_landing_sse.QwenOmniStreamDecoderTests.test_identity_must_be_stable_and_complete) ... ok
test_lone_surrogate_is_rejected_but_valid_unicode_is_preserved (factory.tests.test_landing_sse.QwenOmniStreamDecoderTests.test_lone_surrogate_is_rejected_but_valid_unicode_is_preserved) ... ok
test_missing_usage_on_empty_choices_is_rejected (factory.tests.test_landing_sse.QwenOmniStreamDecoderTests.test_missing_usage_on_empty_choices_is_rejected) ... ok
test_model_mismatch_is_rejected (factory.tests.test_landing_sse.QwenOmniStreamDecoderTests.test_model_mismatch_is_rejected) ... ok
test_multiline_data_block_is_joined_into_one_event (factory.tests.test_landing_sse.QwenOmniStreamDecoderTests.test_multiline_data_block_is_joined_into_one_event) ... ok
test_multiple_choices_are_rejected (factory.tests.test_landing_sse.QwenOmniStreamDecoderTests.test_multiple_choices_are_rejected) ... ok
test_non_data_field_is_rejected (factory.tests.test_landing_sse.QwenOmniStreamDecoderTests.test_non_data_field_is_rejected) ... ok
test_non_string_content_is_rejected (factory.tests.test_landing_sse.QwenOmniStreamDecoderTests.test_non_string_content_is_rejected) ... ok
test_oversized_single_line_is_rejected (factory.tests.test_landing_sse.QwenOmniStreamDecoderTests.test_oversized_single_line_is_rejected) ... ok
test_reasoning_content_is_discarded_not_joined (factory.tests.test_landing_sse.QwenOmniStreamDecoderTests.test_reasoning_content_is_discarded_not_joined) ... ok
test_reasoning_metadata_does_not_change_omni_completion_accounting (factory.tests.test_landing_sse.QwenOmniStreamDecoderTests.test_reasoning_metadata_does_not_change_omni_completion_accounting) ... ok
test_side_channels_in_delta_are_rejected (factory.tests.test_landing_sse.QwenOmniStreamDecoderTests.test_side_channels_in_delta_are_rejected) ... ok
test_total_response_ceiling_is_enforced (factory.tests.test_landing_sse.QwenOmniStreamDecoderTests.test_total_response_ceiling_is_enforced) ... ok
test_unterminated_oversized_line_is_rejected_before_a_newline_arrives (factory.tests.test_landing_sse.QwenOmniStreamDecoderTests.test_unterminated_oversized_line_is_rejected_before_a_newline_arrives) ... ok
test_usage_after_done_is_rejected (factory.tests.test_landing_sse.QwenOmniStreamDecoderTests.test_usage_after_done_is_rejected) ... ok
test_usage_before_stop_is_rejected (factory.tests.test_landing_sse.QwenOmniStreamDecoderTests.test_usage_before_stop_is_rejected) ... ok
test_usage_cannot_rideshare_with_a_choice (factory.tests.test_landing_sse.QwenOmniStreamDecoderTests.test_usage_cannot_rideshare_with_a_choice) ... ok
test_usage_completion_above_profile_ceiling_is_rejected (factory.tests.test_landing_sse.QwenOmniStreamDecoderTests.test_usage_completion_above_profile_ceiling_is_rejected) ... ok
test_usage_must_be_an_object (factory.tests.test_landing_sse.QwenOmniStreamDecoderTests.test_usage_must_be_an_object) ... ok
test_usage_totals_must_be_consistent (factory.tests.test_landing_sse.QwenOmniStreamDecoderTests.test_usage_totals_must_be_consistent) ... ok
test_bind_repair_child_separates_an_unexplained_store_refusal (factory.tests.test_migrations.MigrationTests.test_bind_repair_child_separates_an_unexplained_store_refusal) ... ok
test_execution_migrations_are_immutable_forward_only_and_capability_shaped (factory.tests.test_migrations.MigrationTests.test_execution_migrations_are_immutable_forward_only_and_capability_shaped) ... ok
test_exit_runner_container_binding_and_cleanup_are_exact_id_scoped (factory.tests.test_migrations.MigrationTests.test_exit_runner_container_binding_and_cleanup_are_exact_id_scoped) ... ok
test_exit_runner_never_deletes_by_name_when_container_creation_fails (factory.tests.test_migrations.MigrationTests.test_exit_runner_never_deletes_by_name_when_container_creation_fails) ... ok
test_exit_runner_orders_bound_preflight_before_mutating_suite (factory.tests.test_migrations.MigrationTests.test_exit_runner_orders_bound_preflight_before_mutating_suite) ... ok
test_exit_runner_removes_its_exact_container_and_restart_volume (factory.tests.test_migrations.MigrationTests.test_exit_runner_removes_its_exact_container_and_restart_volume) ... ok
test_exit_runner_reports_leaked_id_without_cleanup_when_binding_fails (factory.tests.test_migrations.MigrationTests.test_exit_runner_reports_leaked_id_without_cleanup_when_binding_fails) ... ok
test_exit_runner_waits_for_final_pid1_postmaster_and_readiness (factory.tests.test_migrations.MigrationTests.test_exit_runner_waits_for_final_pid1_postmaster_and_readiness) ... ok
test_matching_applied_migrations_are_idempotent (factory.tests.test_migrations.MigrationTests.test_matching_applied_migrations_are_idempotent) ... ok
test_missing_renamed_or_checksum_changed_applied_migration_fails (factory.tests.test_migrations.MigrationTests.test_missing_renamed_or_checksum_changed_applied_migration_fails) ... ok
test_packaged_migrations_are_contiguous_and_factory_only (factory.tests.test_migrations.MigrationTests.test_packaged_migrations_are_contiguous_and_factory_only) ... ok
test_repair_child_guard_structure_maps_each_reason_to_one_clause_group (factory.tests.test_migrations.MigrationTests.test_repair_child_guard_structure_maps_each_reason_to_one_clause_group) ... ok
test_repair_child_rejection_channel_stays_disjoint_from_bindings (factory.tests.test_migrations.MigrationTests.test_repair_child_rejection_channel_stays_disjoint_from_bindings)
INV-001 / AC-002: neither channel can be read as the other, in either direction. ... ok
test_repair_child_rejection_reasons_match_the_python_allowlist (factory.tests.test_migrations.MigrationTests.test_repair_child_rejection_reasons_match_the_python_allowlist) ... ok
test_repair_child_rejection_resource_is_additive_and_typed (factory.tests.test_migrations.MigrationTests.test_repair_child_rejection_resource_is_additive_and_typed) ... ok
test_restart_database_revalidates_binding_and_targets_only_full_id (factory.tests.test_migrations.MigrationTests.test_restart_database_revalidates_binding_and_targets_only_full_id) ... ok
test_restart_probe_database_identity_is_exact_postgresql_17_cluster (factory.tests.test_migrations.MigrationTests.test_restart_probe_database_identity_is_exact_postgresql_17_cluster) ... ok
test_restart_probe_rebuilds_distinct_capability_urls_after_port_change (factory.tests.test_migrations.MigrationTests.test_restart_probe_rebuilds_distinct_capability_urls_after_port_change) ... ok
test_restart_probe_rejects_ambiguous_or_non_loopback_port_bindings (factory.tests.test_migrations.MigrationTests.test_restart_probe_rejects_ambiguous_or_non_loopback_port_bindings) ... ok
test_restart_probe_rejects_bad_container_metadata_before_database_access (factory.tests.test_migrations.MigrationTests.test_restart_probe_rejects_bad_container_metadata_before_database_access) ... ok
test_restart_releaser_wraps_real_broker_with_exact_at_least_once_outcomes (factory.tests.test_migrations.MigrationTests.test_restart_releaser_wraps_real_broker_with_exact_at_least_once_outcomes) ... ok
test_semantic_evidence_functions_are_reserved_to_distinct_capabilities (factory.tests.test_migrations.MigrationTests.test_semantic_evidence_functions_are_reserved_to_distinct_capabilities) ... ok
test_semantic_migration_is_additive_append_only_and_capability_shaped (factory.tests.test_migrations.MigrationTests.test_semantic_migration_is_additive_append_only_and_capability_shaped) ... ok
test_sql_declares_skip_locked_fences_capacity_budgets_and_append_only_audit (factory.tests.test_migrations.MigrationTests.test_sql_declares_skip_locked_fences_capacity_budgets_and_append_only_audit) ... ok
test_event_metadata_is_deeply_frozen_but_json_serializable (factory.tests.test_models.ImmutableSnapshotTests.test_event_metadata_is_deeply_frozen_but_json_serializable) ... ok
test_run_and_attempt_snapshots_are_frozen_and_typed (factory.tests.test_models.ImmutableSnapshotTests.test_run_and_attempt_snapshots_are_frozen_and_typed) ... ok
test_store_event_projection_enforces_closed_public_metadata_superset (factory.tests.test_models.ImmutableSnapshotTests.test_store_event_projection_enforces_closed_public_metadata_superset) ... ok
test_task_projection_is_a_compatibility_alias_for_versioned_task_snapshot (factory.tests.test_models.ImmutableSnapshotTests.test_task_projection_is_a_compatibility_alias_for_versioned_task_snapshot) ... ok
test_all_inputs_outputs_errors_and_correlation_headers_are_declared (factory.tests.test_openapi_contract.CheckedOpenApiContractTests.test_all_inputs_outputs_errors_and_correlation_headers_are_declared) ... ok
test_bigint_bounds_are_not_rounded_by_contract_generation (factory.tests.test_openapi_contract.CheckedOpenApiContractTests.test_bigint_bounds_are_not_rounded_by_contract_generation) ... ok
test_contract_uses_only_inline_closed_object_schemas (factory.tests.test_openapi_contract.CheckedOpenApiContractTests.test_contract_uses_only_inline_closed_object_schemas) ... ok
test_database_integer_and_event_cursor_bounds_match_runtime_storage (factory.tests.test_openapi_contract.CheckedOpenApiContractTests.test_database_integer_and_event_cursor_bounds_match_runtime_storage) ... ok
test_each_operation_documents_exact_runtime_scope_and_correlation_policy (factory.tests.test_openapi_contract.CheckedOpenApiContractTests.test_each_operation_documents_exact_runtime_scope_and_correlation_policy) ... ok
test_event_metadata_is_the_closed_reviewed_superset (factory.tests.test_openapi_contract.CheckedOpenApiContractTests.test_event_metadata_is_the_closed_reviewed_superset) ... ok
test_every_uuid_schema_uses_the_canonical_lowercase_dashed_pattern (factory.tests.test_openapi_contract.CheckedOpenApiContractTests.test_every_uuid_schema_uses_the_canonical_lowercase_dashed_pattern) ... ok
test_exact_runtime_operation_inventory_has_stable_unique_ids (factory.tests.test_openapi_contract.CheckedOpenApiContractTests.test_exact_runtime_operation_inventory_has_stable_unique_ids) ... ok
test_landing_openapi_operation_ids_match_the_always_visible_runtime_routes (factory.tests.test_openapi_contract.CheckedOpenApiContractTests.test_landing_openapi_operation_ids_match_the_always_visible_runtime_routes) ... ok
test_repeated_role_and_grant_schemas_do_not_drift (factory.tests.test_openapi_contract.CheckedOpenApiContractTests.test_repeated_role_and_grant_schemas_do_not_drift) ... ok
test_accepted_infrastructure_retry_limits_are_exact_on_reconciliation (factory.tests.test_postgres_integration.PostgresFactoryTests.test_accepted_infrastructure_retry_limits_are_exact_on_reconciliation) ... ok
test_accepted_infrastructure_retry_limits_are_exact_on_release (factory.tests.test_postgres_integration.PostgresFactoryTests.test_accepted_infrastructure_retry_limits_are_exact_on_release) ... ok
test_accounting_commands_replay_before_stale_fence_and_preserve_correlation (factory.tests.test_postgres_integration.PostgresFactoryTests.test_accounting_commands_replay_before_stale_fence_and_preserve_correlation) ... ok
test_api_mutation_families_fail_bounded_under_database_lock_contention (factory.tests.test_postgres_integration.PostgresFactoryTests.test_api_mutation_families_fail_bounded_under_database_lock_contention) ... ok
test_api_mutations_replay_exact_results_and_reject_changed_commands (factory.tests.test_postgres_integration.PostgresFactoryTests.test_api_mutations_replay_exact_results_and_reject_changed_commands) ... ok
test_audit_chain_binds_task_run_and_correlation_identity (factory.tests.test_postgres_integration.PostgresFactoryTests.test_audit_chain_binds_task_run_and_correlation_identity) ... ok
test_bootstrap_rejects_service_login_with_unexpected_membership (factory.tests.test_postgres_integration.PostgresFactoryTests.test_bootstrap_rejects_service_login_with_unexpected_membership) ... ok
test_bootstrap_rejects_unsafe_factory_role_attributes_and_memberships (factory.tests.test_postgres_integration.PostgresFactoryTests.test_bootstrap_rejects_unsafe_factory_role_attributes_and_memberships) ... ok
test_cancel_and_supersede_quarantine_unresolved_accounting_for_both_roles (factory.tests.test_postgres_integration.PostgresFactoryTests.test_cancel_and_supersede_quarantine_unresolved_accounting_for_both_roles) ... ok
test_cancel_and_supersede_release_leases_capacity_once (factory.tests.test_postgres_integration.PostgresFactoryTests.test_cancel_and_supersede_release_leases_capacity_once) ... ok
test_cancel_racing_claim_releases_reader_and_writer_capacity (factory.tests.test_postgres_integration.PostgresFactoryTests.test_cancel_racing_claim_releases_reader_and_writer_capacity) ... ok
test_cancel_uses_one_transaction_for_authorization_replay_and_projection (factory.tests.test_postgres_integration.PostgresFactoryTests.test_cancel_uses_one_transaction_for_authorization_replay_and_projection) ... ok
test_changed_frozen_head_authority_and_limits_supersede_exact_replay (factory.tests.test_postgres_integration.PostgresFactoryTests.test_changed_frozen_head_authority_and_limits_supersede_exact_replay) ... ok
test_completion_requires_unblocked_settled_accounting (factory.tests.test_postgres_integration.PostgresFactoryTests.test_completion_requires_unblocked_settled_accounting) ... ok
test_duplicate_and_changed_intake_are_atomic_and_immutable (factory.tests.test_postgres_integration.PostgresFactoryTests.test_duplicate_and_changed_intake_are_atomic_and_immutable) ... ok
test_empty_claim_is_replayed_after_work_arrives (factory.tests.test_postgres_integration.PostgresFactoryTests.test_empty_claim_is_replayed_after_work_arrives) ... ok
test_event_repair_and_database_deadline_limits_fail_closed (factory.tests.test_postgres_integration.PostgresFactoryTests.test_event_repair_and_database_deadline_limits_fail_closed) ... ok
test_every_active_phase_accepts_lease_operations_and_reconciliation (factory.tests.test_postgres_integration.PostgresFactoryTests.test_every_active_phase_accepts_lease_operations_and_reconciliation) ... ok
test_execution_lifecycle_persists_new_digest_stages_and_redacted_proposal (factory.tests.test_postgres_integration.PostgresFactoryTests.test_execution_lifecycle_persists_new_digest_stages_and_redacted_proposal) ... ok
test_execution_propose_runtime_boundary_is_monotonic_fenced_and_bounded (factory.tests.test_postgres_integration.PostgresFactoryTests.test_execution_propose_runtime_boundary_is_monotonic_fenced_and_bounded) ... ok
test_exhausted_event_budget_allows_reconcile_and_cancel_cleanup_once (factory.tests.test_postgres_integration.PostgresFactoryTests.test_exhausted_event_budget_allows_reconcile_and_cancel_cleanup_once) ... ok
test_forged_grant_role_is_rejected_by_authoritative_run_lock (factory.tests.test_postgres_integration.PostgresFactoryTests.test_forged_grant_role_is_rejected_by_authoritative_run_lock) ... ok
test_hidden_allocation_invalidates_fence_and_reconciliation_fails_closed (factory.tests.test_postgres_integration.PostgresFactoryTests.test_hidden_allocation_invalidates_fence_and_reconciliation_fails_closed) ... ok
test_history_http_boundary_is_authorized_typed_and_redacted (factory.tests.test_postgres_integration.PostgresFactoryTests.test_history_http_boundary_is_authorized_typed_and_redacted) ... ok
test_history_projection_corruption_in_lookahead_fails_closed (factory.tests.test_postgres_integration.PostgresFactoryTests.test_history_projection_corruption_in_lookahead_fails_closed) ... ok
test_history_store_rejects_boolean_bounds_and_cursors (factory.tests.test_postgres_integration.PostgresFactoryTests.test_history_store_rejects_boolean_bounds_and_cursors) ... ok
test_http_intake_deduplicates_fresh_proof_and_conflicts_on_command_reuse (factory.tests.test_postgres_integration.PostgresFactoryTests.test_http_intake_deduplicates_fresh_proof_and_conflicts_on_command_reuse) ... ok
test_infrastructure_retry_limit_is_persisted_with_frozen_intent (factory.tests.test_postgres_integration.PostgresFactoryTests.test_infrastructure_retry_limit_is_persisted_with_frozen_intent) ... ok
test_intake_separates_semantic_work_identity_from_command_replay (factory.tests.test_postgres_integration.PostgresFactoryTests.test_intake_separates_semantic_work_identity_from_command_replay) ... ok
test_locked_metric_counter_never_delays_or_masks_stale_fence_409 (factory.tests.test_postgres_integration.PostgresFactoryTests.test_locked_metric_counter_never_delays_or_masks_stale_fence_409) ... ok
test_m0_authority_is_repository_policy_action_and_transaction_bound (factory.tests.test_postgres_integration.PostgresFactoryTests.test_m0_authority_is_repository_policy_action_and_transaction_bound) ... ok
test_m0_revocation_after_validation_waits_for_intake_commit (factory.tests.test_postgres_integration.PostgresFactoryTests.test_m0_revocation_after_validation_waits_for_intake_commit) ... ok
test_m0_revocation_before_validation_rejects_observation_and_exception (factory.tests.test_postgres_integration.PostgresFactoryTests.test_m0_revocation_before_validation_rejects_observation_and_exception) ... ok
test_metric_counter_runtime_is_capability_only_monotonic_and_saturating (factory.tests.test_postgres_integration.PostgresFactoryTests.test_metric_counter_runtime_is_capability_only_monotonic_and_saturating) ... ok
test_metrics_snapshot_is_atomic_constant_row_and_timed (factory.tests.test_postgres_integration.PostgresFactoryTests.test_metrics_snapshot_is_atomic_constant_row_and_timed) ... ok
test_phase_sequence_and_completed_release_edges_are_exact (factory.tests.test_postgres_integration.PostgresFactoryTests.test_phase_sequence_and_completed_release_edges_are_exact) ... ok
test_phase_transition_is_concurrent_replay_safe_fenced_and_audited (factory.tests.test_postgres_integration.PostgresFactoryTests.test_phase_transition_is_concurrent_replay_safe_fenced_and_audited) ... ok
test_phase_transition_rolls_back_when_post_mutation_evidence_fails (factory.tests.test_postgres_integration.PostgresFactoryTests.test_phase_transition_rolls_back_when_post_mutation_evidence_fails) ... ok
test_prior_attempt_reservation_forces_accounting_recovery_not_retry (factory.tests.test_postgres_integration.PostgresFactoryTests.test_prior_attempt_reservation_forces_accounting_recovery_not_retry) ... ok
test_reader_and_writer_capacity_is_enforced (factory.tests.test_postgres_integration.PostgresFactoryTests.test_reader_and_writer_capacity_is_enforced) ... ok
test_reconcile_and_cancel_share_capacity_then_task_lock_order (factory.tests.test_postgres_integration.PostgresFactoryTests.test_reconcile_and_cancel_share_capacity_then_task_lock_order) ... ok
test_reconcile_isolates_orphan_and_repairs_valid_expired_lease (factory.tests.test_postgres_integration.PostgresFactoryTests.test_reconcile_isolates_orphan_and_repairs_valid_expired_lease) ... ok
test_reconcile_terminalizes_deadline_expired_leases_without_starving_the_page (factory.tests.test_postgres_integration.PostgresFactoryTests.test_reconcile_terminalizes_deadline_expired_leases_without_starving_the_page) ... ok
test_reconcile_terminalizes_expired_queued_and_retry_tasks_without_runs (factory.tests.test_postgres_integration.PostgresFactoryTests.test_reconcile_terminalizes_expired_queued_and_retry_tasks_without_runs) ... ok
test_reconcile_transaction_timeout_rolls_back_the_whole_partial_batch (factory.tests.test_postgres_integration.PostgresFactoryTests.test_reconcile_transaction_timeout_rolls_back_the_whole_partial_batch) ... ok
test_reconcile_uses_one_deadline_for_the_whole_candidate_page (factory.tests.test_postgres_integration.PostgresFactoryTests.test_reconcile_uses_one_deadline_for_the_whole_candidate_page) ... ok
test_release_metrics_inventory_tracks_durable_operations_and_rejections (factory.tests.test_postgres_integration.PostgresFactoryTests.test_release_metrics_inventory_tracks_durable_operations_and_rejections) ... ok
test_repair_source_identity_and_claim_owner_are_atomic (factory.tests.test_postgres_integration.PostgresFactoryTests.test_repair_source_identity_and_claim_owner_are_atomic) ... ok
test_repository_kill_is_isolated_and_reconcile_page_timeout_are_bounded (factory.tests.test_postgres_integration.PostgresFactoryTests.test_repository_kill_is_isolated_and_reconcile_page_timeout_are_bounded) ... ok
test_representative_hot_queries_use_task_scoped_indexes (factory.tests.test_postgres_integration.PostgresFactoryTests.test_representative_hot_queries_use_task_scoped_indexes) ... ok
test_reservation_and_terminalization_race_is_quarantined_or_fenced (factory.tests.test_postgres_integration.PostgresFactoryTests.test_reservation_and_terminalization_race_is_quarantined_or_fenced) ... ok
test_reservations_are_bounded_replay_safe_and_settled_by_usage (factory.tests.test_postgres_integration.PostgresFactoryTests.test_reservations_are_bounded_replay_safe_and_settled_by_usage) ... ok
test_retry_budget_kill_and_reconcile_fail_closed (factory.tests.test_postgres_integration.PostgresFactoryTests.test_retry_budget_kill_and_reconcile_fail_closed) ... ok
test_retry_exhaustion_policy_denial_rolls_back_terminalization (factory.tests.test_postgres_integration.PostgresFactoryTests.test_retry_exhaustion_policy_denial_rolls_back_terminalization) ... ok
test_roles_are_isolated_and_audit_is_append_only_and_verifiable (factory.tests.test_postgres_integration.PostgresFactoryTests.test_roles_are_isolated_and_audit_is_append_only_and_verifiable) ... ok
test_run_attempt_and_event_history_pages_are_stable_bounded_and_authorized (factory.tests.test_postgres_integration.PostgresFactoryTests.test_run_attempt_and_event_history_pages_are_stable_bounded_and_authorized) ... ok
test_run_history_cursor_is_task_bound_and_cardinality_fails_closed (factory.tests.test_postgres_integration.PostgresFactoryTests.test_run_history_cursor_is_task_bound_and_cardinality_fails_closed) ... ok
test_run_history_missing_attempt_fails_closed (factory.tests.test_postgres_integration.PostgresFactoryTests.test_run_history_missing_attempt_fails_closed) ... ok
test_run_history_orders_by_fence_not_uuid (factory.tests.test_postgres_integration.PostgresFactoryTests.test_run_history_orders_by_fence_not_uuid) ... ok
test_runtime_api_connection_contention_is_bounded_and_typed (factory.tests.test_postgres_integration.PostgresFactoryTests.test_runtime_api_connection_contention_is_bounded_and_typed) ... ok
test_runtime_api_reads_and_grant_checks_are_bounded_under_query_contention (factory.tests.test_postgres_integration.PostgresFactoryTests.test_runtime_api_reads_and_grant_checks_are_bounded_under_query_contention) ... ok
test_schema_008_upgrade_quarantines_legacy_reservation_before_claim (factory.tests.test_postgres_integration.PostgresFactoryTests.test_schema_008_upgrade_quarantines_legacy_reservation_before_claim) ... ok
test_schema_012_retry_exhaustion_claim_is_audited_without_advancing_fence (factory.tests.test_postgres_integration.PostgresFactoryTests.test_schema_012_retry_exhaustion_claim_is_audited_without_advancing_fence) ... ok
test_semantic_repair_functions_use_exact_digest_index_conditions (factory.tests.test_postgres_integration.PostgresFactoryTests.test_semantic_repair_functions_use_exact_digest_index_conditions) ... ok
test_semantic_subject_publish_is_exact_replay_safe_and_role_isolated (factory.tests.test_postgres_integration.PostgresFactoryTests.test_semantic_subject_publish_is_exact_replay_safe_and_role_isolated) ... ok
test_shipped_local_bootstrap_provisions_effective_runtime_login (factory.tests.test_postgres_integration.PostgresFactoryTests.test_shipped_local_bootstrap_provisions_effective_runtime_login) ... ok
test_supersede_racing_claim_releases_reader_and_writer_capacity (factory.tests.test_postgres_integration.PostgresFactoryTests.test_supersede_racing_claim_releases_reader_and_writer_capacity) ... ok
test_terminal_accounting_requires_an_explicit_quarantine_marker_for_readiness (factory.tests.test_postgres_integration.PostgresFactoryTests.test_terminal_accounting_requires_an_explicit_quarantine_marker_for_readiness) ... ok
test_transition_policy_denials_roll_back_all_mutation_classes (factory.tests.test_postgres_integration.PostgresFactoryTests.test_transition_policy_denials_roll_back_all_mutation_classes) ... ok
test_two_workers_get_one_task_and_late_fence_is_rejected (factory.tests.test_postgres_integration.PostgresFactoryTests.test_two_workers_get_one_task_and_late_fence_is_rejected) ... ok
test_usage_observations_exposes_defaulted_v2_component_columns (factory.tests.test_postgres_integration.PostgresFactoryTests.test_usage_observations_exposes_defaulted_v2_component_columns) ... ok
test_complete_stream_returns_only_canonical_events (factory.tests.test_protocol.ProtocolTests.test_complete_stream_returns_only_canonical_events) ... ok
test_duplicate_keys_nonfinite_and_invalid_utf8_fail (factory.tests.test_protocol.ProtocolTests.test_duplicate_keys_nonfinite_and_invalid_utf8_fail) ... ok
test_event_type_is_a_known_scalar_before_membership_or_payload_lookup (factory.tests.test_protocol.ProtocolTests.test_event_type_is_a_known_scalar_before_membership_or_payload_lookup) ... ok
test_every_payload_field_is_closed_and_scalar_typed (factory.tests.test_protocol.ProtocolTests.test_every_payload_field_is_closed_and_scalar_typed) ... ok
test_finish_requires_exactly_one_terminal_and_no_partial_line (factory.tests.test_protocol.ProtocolTests.test_finish_requires_exactly_one_terminal_and_no_partial_line) ... ok
test_forbidden_note_categories_cannot_become_durable_metadata (factory.tests.test_protocol.ProtocolTests.test_forbidden_note_categories_cannot_become_durable_metadata) ... ok
test_identity_sequence_terminal_and_capability_violations_fail (factory.tests.test_protocol.ProtocolTests.test_identity_sequence_terminal_and_capability_violations_fail) ... ok
test_line_stream_event_depth_and_node_limits_fail_before_retention (factory.tests.test_protocol.ProtocolTests.test_line_stream_event_depth_and_node_limits_fail_before_retention) ... ok
test_reasoning_or_raw_output_keys_never_cross_boundary (factory.tests.test_protocol.ProtocolTests.test_reasoning_or_raw_output_keys_never_cross_boundary) ... ok
test_broker_timeout_is_bounded_and_leaves_durable_retry (factory.tests.test_recovery.RecoveryTests.test_broker_timeout_is_bounded_and_leaves_durable_retry) ... ok
test_cleanup_failure_is_durable_and_permits_discovery_wrap (factory.tests.test_recovery.RecoveryTests.test_cleanup_failure_is_durable_and_permits_discovery_wrap) ... ok
test_cleanup_outcome_write_failure_is_reported_as_terminalize_failure (factory.tests.test_recovery.RecoveryTests.test_cleanup_outcome_write_failure_is_reported_as_terminalize_failure) ... ok
test_cleanup_retry_older_than_discovery_cursor_never_regresses_cursor (factory.tests.test_recovery.RecoveryTests.test_cleanup_retry_older_than_discovery_cursor_never_regresses_cursor) ... ok
test_crash_after_release_retries_absent_with_a_new_claim (factory.tests.test_recovery.RecoveryTests.test_crash_after_release_retries_absent_with_a_new_claim) ... ok
test_each_bounded_page_reserves_fresh_and_retry_lanes (factory.tests.test_recovery.RecoveryTests.test_each_bounded_page_reserves_fresh_and_retry_lanes) ... ok
test_expired_claim_allows_idempotent_at_least_once_release (factory.tests.test_recovery.RecoveryTests.test_expired_claim_allows_idempotent_at_least_once_release) ... ok
test_fresh_contention_stops_that_lane_but_not_retry_cleanup (factory.tests.test_recovery.RecoveryTests.test_fresh_contention_stops_that_lane_but_not_retry_cleanup) ... ok
test_limit_and_cursor_contract_are_closed (factory.tests.test_recovery.RecoveryTests.test_limit_and_cursor_contract_are_closed) ... ok
test_live_cleanup_claim_allows_only_one_broker_call_before_expiry (factory.tests.test_recovery.RecoveryTests.test_live_cleanup_claim_allows_only_one_broker_call_before_expiry) ... ok
test_monotonic_budget_returns_processed_prefix_and_resumes (factory.tests.test_recovery.RecoveryTests.test_monotonic_budget_returns_processed_prefix_and_resumes) ... ok
test_pending_cancel_job_cannot_advance_past_unseen_fresh_manifest (factory.tests.test_recovery.RecoveryTests.test_pending_cancel_job_cannot_advance_past_unseen_fresh_manifest) ... ok
test_raw_pages_advance_across_healthy_rows_wrap_and_revisit_expiry (factory.tests.test_recovery.RecoveryTests.test_raw_pages_advance_across_healthy_rows_wrap_and_revisit_expiry) ... ok
test_release_outcome_is_closed_and_provider_neutral (factory.tests.test_recovery.RecoveryTests.test_release_outcome_is_closed_and_provider_neutral) ... ok
test_terminalization_failure_retries_after_idempotent_cleanup (factory.tests.test_recovery.RecoveryTests.test_terminalization_failure_retries_after_idempotent_cleanup) ... ok
test_runtime_store_rejects_swapped_dual_and_direct_authority (factory.tests.test_runtime_capability_postgres.RuntimeCapabilityPostgresTests.test_runtime_store_rejects_swapped_dual_and_direct_authority) ... ok
test_runtime_store_requires_exact_capability_login_before_set_role (factory.tests.test_runtime_capability_postgres.RuntimeCapabilityPostgresTests.test_runtime_store_requires_exact_capability_login_before_set_role) ... ok
test_adjudication_is_deterministic_under_input_permutations (factory.tests.test_semantic_adjudication.SemanticAdjudicationTests.test_adjudication_is_deterministic_under_input_permutations) ... ok
test_coverage_is_required_and_validator_separation_is_rechecked (factory.tests.test_semantic_adjudication.SemanticAdjudicationTests.test_coverage_is_required_and_validator_separation_is_rechecked) ... ok
test_duplicates_correlations_contradictions_and_unsupported_passes_are_exposed (factory.tests.test_semantic_adjudication.SemanticAdjudicationTests.test_duplicates_correlations_contradictions_and_unsupported_passes_are_exposed) ... ok
test_empty_proven_evidence_is_an_unsupported_pass (factory.tests.test_semantic_adjudication.SemanticAdjudicationTests.test_empty_proven_evidence_is_an_unsupported_pass) ... ok
test_every_relevant_subject_mutation_invalidates_prior_evidence (factory.tests.test_semantic_adjudication.SemanticAdjudicationTests.test_every_relevant_subject_mutation_invalidates_prior_evidence) ... ok
test_exact_evidenced_coverage_passes_without_state_authority (factory.tests.test_semantic_adjudication.SemanticAdjudicationTests.test_exact_evidenced_coverage_passes_without_state_authority) ... ok
test_needs_human_precedes_repair_for_sensitive_or_unrepairable_findings (factory.tests.test_semantic_adjudication.SemanticAdjudicationTests.test_needs_human_precedes_repair_for_sensitive_or_unrepairable_findings) ... ok
test_provider_decision_cannot_enter_adjudication_contract (factory.tests.test_semantic_adjudication.SemanticAdjudicationTests.test_provider_decision_cannot_enter_adjudication_contract) ... ok
test_repairable_finding_and_unproven_coverage_request_repair (factory.tests.test_semantic_adjudication.SemanticAdjudicationTests.test_repairable_finding_and_unproven_coverage_request_repair) ... ok
test_acceptance_requirements_equal_packet_acceptance_ids_exactly (factory.tests.test_semantic_bridge.SemanticBridgeTests.test_acceptance_requirements_equal_packet_acceptance_ids_exactly) ... ok
test_artifact_manifest_and_one_to_one_attestation_are_required (factory.tests.test_semantic_bridge.SemanticBridgeTests.test_artifact_manifest_and_one_to_one_attestation_are_required) ... ok
test_bridge_contracts_are_closed_versioned_and_invent_no_m5_fields (factory.tests.test_semantic_bridge.SemanticBridgeTests.test_bridge_contracts_are_closed_versioned_and_invent_no_m5_fields) ... ok
test_cross_task_run_packet_manifest_snapshot_and_result_substitution_fail_closed (factory.tests.test_semantic_bridge.SemanticBridgeTests.test_cross_task_run_packet_manifest_snapshot_and_result_substitution_fail_closed) ... ok
test_digest_and_subject_are_stable_across_canonical_round_trip (factory.tests.test_semantic_bridge.SemanticBridgeTests.test_digest_and_subject_are_stable_across_canonical_round_trip) ... ok
test_exact_verified_bundle_derives_subject_without_reinterpreting_m5 (factory.tests.test_semantic_bridge.SemanticBridgeTests.test_exact_verified_bundle_derives_subject_without_reinterpreting_m5) ... ok
test_input_and_binding_json_reject_unknown_fields_and_duplicate_keys (factory.tests.test_semantic_bridge.SemanticBridgeTests.test_input_and_binding_json_reject_unknown_fields_and_duplicate_keys) ... ok
test_missing_m5_facts_are_explicit_result_bound_inputs (factory.tests.test_semantic_bridge.SemanticBridgeTests.test_missing_m5_facts_are_explicit_result_bound_inputs) ... ok
test_only_writer_ready_for_human_results_enter_semantic_validation (factory.tests.test_semantic_bridge.SemanticBridgeTests.test_only_writer_ready_for_human_results_enter_semantic_validation) ... ok
test_terminal_and_artifact_body_mutation_cannot_reuse_old_digest (factory.tests.test_semantic_bridge.SemanticBridgeTests.test_terminal_and_artifact_body_mutation_cannot_reuse_old_digest) ... ok
test_bounds_versions_unicode_and_derived_fields_fail_closed (factory.tests.test_semantic_contracts.SemanticContractTests.test_bounds_versions_unicode_and_derived_fields_fail_closed) ... ok
test_coverage_is_exact_sorted_and_integer_millionths (factory.tests.test_semantic_contracts.SemanticContractTests.test_coverage_is_exact_sorted_and_integer_millionths) ... ok
test_finding_identity_ignores_wording_but_not_typed_identity (factory.tests.test_semantic_contracts.SemanticContractTests.test_finding_identity_ignores_wording_but_not_typed_identity) ... ok
test_json_parser_rejects_duplicate_keys_non_objects_and_large_payloads (factory.tests.test_semantic_contracts.SemanticContractTests.test_json_parser_rejects_duplicate_keys_non_objects_and_large_payloads) ... ok
test_public_schemas_are_closed_bounded_and_have_exact_versions (factory.tests.test_semantic_contracts.SemanticContractTests.test_public_schemas_are_closed_bounded_and_have_exact_versions) ... ok
test_requirement_kinds_are_closed_and_identifiers_are_typed (factory.tests.test_semantic_contracts.SemanticContractTests.test_requirement_kinds_are_closed_and_identifiers_are_typed) ... ok
test_stale_subject_binding_rejects_finding_coverage_verdict_and_directive (factory.tests.test_semantic_contracts.SemanticContractTests.test_stale_subject_binding_rejects_finding_coverage_verdict_and_directive) ... ok
test_subject_is_closed_sorted_typed_and_digest_stable (factory.tests.test_semantic_contracts.SemanticContractTests.test_subject_is_closed_sorted_typed_and_digest_stable) ... ok
test_validator_proof_requires_independence_and_read_only_capabilities (factory.tests.test_semantic_contracts.SemanticContractTests.test_validator_proof_requires_independence_and_read_only_capabilities) ... ok
test_read_verifies_every_digest_and_closed_body (factory.tests.test_semantic_persistence.SemanticPersistenceTests.test_read_verifies_every_digest_and_closed_body) ... ok
test_store_rejects_missing_corrupt_or_substituted_rows (factory.tests.test_semantic_persistence.SemanticPersistenceTests.test_store_rejects_missing_corrupt_or_substituted_rows) ... ok
test_store_reparses_exact_m5_material_and_builds_canonical_publication (factory.tests.test_semantic_persistence.SemanticPersistenceTests.test_store_reparses_exact_m5_material_and_builds_canonical_publication) ... ok
test_subject_api_is_closed_bounded_and_uses_dedicated_scopes (factory.tests.test_semantic_persistence.SemanticPersistenceTests.test_subject_api_is_closed_bounded_and_uses_dedicated_scopes) ... ok
test_task_execute_scope_cannot_publish_semantic_subject (factory.tests.test_semantic_persistence.SemanticPersistenceTests.test_task_execute_scope_cannot_publish_semantic_subject) ... ok
test_cycles_one_through_three_keep_original_writer_and_fresh_context (factory.tests.test_semantic_repair.SemanticRepairTests.test_cycles_one_through_three_keep_original_writer_and_fresh_context) ... ok
test_fourth_cycle_and_cycle_zero_are_hard_needs_human (factory.tests.test_semantic_repair.SemanticRepairTests.test_fourth_cycle_and_cycle_zero_are_hard_needs_human) ... ok
test_policy_result_is_deterministic_and_has_no_runtime_mutation_api (factory.tests.test_semantic_repair.SemanticRepairTests.test_policy_result_is_deterministic_and_has_no_runtime_mutation_api) ... ok
test_recurrence_uses_typed_identity_when_wording_changes (factory.tests.test_semantic_repair.SemanticRepairTests.test_recurrence_uses_typed_identity_when_wording_changes) ... ok
test_reused_original_or_prior_context_escalates (factory.tests.test_semantic_repair.SemanticRepairTests.test_reused_original_or_prior_context_escalates) ... ok
test_risk_diff_architecture_authority_base_budget_deadline_and_writer_escalate (factory.tests.test_semantic_repair.SemanticRepairTests.test_risk_diff_architecture_authority_base_budget_deadline_and_writer_escalate) ... ok
test_stale_verdict_and_nonrepair_decisions_do_not_create_directives (factory.tests.test_semantic_repair.SemanticRepairTests.test_stale_verdict_and_nonrepair_decisions_do_not_create_directives) ... ok
test_broker_failure_leaves_exact_persisted_child_retryable (factory.tests.test_semantic_repair_lifecycle.SemanticRepairLifecycleTests.test_broker_failure_leaves_exact_persisted_child_retryable) ... ok
test_coordinator_persists_then_hands_only_the_exact_child_to_m5_broker (factory.tests.test_semantic_repair_lifecycle.SemanticRepairLifecycleTests.test_coordinator_persists_then_hands_only_the_exact_child_to_m5_broker) ... ok
test_invalid_policy_result_is_persisted_without_child_or_broker_call (factory.tests.test_semantic_repair_lifecycle.SemanticRepairLifecycleTests.test_invalid_policy_result_is_persisted_without_child_or_broker_call) ... ok
test_new_child_contract_cannot_relabel_old_result_or_verdict (factory.tests.test_semantic_repair_lifecycle.SemanticRepairLifecycleTests.test_new_child_contract_cannot_relabel_old_result_or_verdict) ... ok
test_request_is_closed_and_binds_every_parent_policy_fact (factory.tests.test_semantic_repair_lifecycle.SemanticRepairLifecycleTests.test_request_is_closed_and_binds_every_parent_policy_fact) ... ok
test_store_persists_only_the_closed_exact_broker_task_binding (factory.tests.test_semantic_repair_lifecycle.SemanticRepairLifecycleTests.test_store_persists_only_the_closed_exact_broker_task_binding) ... ok
test_store_sends_one_closed_canonical_command_and_reparses_every_digest (factory.tests.test_semantic_repair_lifecycle.SemanticRepairLifecycleTests.test_store_sends_one_closed_canonical_command_and_reparses_every_digest) ... ok
test_writer_cannot_request_repair_even_with_coordinator_scope (factory.tests.test_semantic_repair_lifecycle.SemanticRepairLifecycleTests.test_writer_cannot_request_repair_even_with_coordinator_scope) ... ok
test_adjudicator_recomputes_contradiction_from_persisted_evidence (factory.tests.test_semantic_service_api.SemanticServiceApiTests.test_adjudicator_recomputes_contradiction_from_persisted_evidence) ... ok
test_api_shapes_are_closed_and_each_command_uses_its_own_scope (factory.tests.test_semantic_service_api.SemanticServiceApiTests.test_api_shapes_are_closed_and_each_command_uses_its_own_scope) ... ok
test_coordinator_assignment_is_exact_and_task_execute_cannot_assign (factory.tests.test_semantic_service_api.SemanticServiceApiTests.test_coordinator_assignment_is_exact_and_task_execute_cannot_assign) ... ok
test_validator_evidence_is_assignment_bound_and_validator_cannot_adjudicate (factory.tests.test_semantic_service_api.SemanticServiceApiTests.test_validator_evidence_is_assignment_bound_and_validator_cannot_adjudicate) ... ok
test_adjudication_material_reparses_every_assignment_and_evidence_digest (factory.tests.test_semantic_store_runtime.SemanticRuntimeStoreTests.test_adjudication_material_reparses_every_assignment_and_evidence_digest) ... ok
test_adjudicator_append_and_coordinator_read_verify_exact_verdict (factory.tests.test_semantic_store_runtime.SemanticRuntimeStoreTests.test_adjudicator_append_and_coordinator_read_verify_exact_verdict) ... ok
test_coordinator_assignment_command_is_canonical_and_replay_record_is_closed (factory.tests.test_semantic_store_runtime.SemanticRuntimeStoreTests.test_coordinator_assignment_command_is_canonical_and_replay_record_is_closed) ... ok
test_validator_atomic_bundle_binds_assignment_findings_and_coverage (factory.tests.test_semantic_store_runtime.SemanticRuntimeStoreTests.test_validator_atomic_bundle_binds_assignment_findings_and_coverage) ... ok
test_actor_config_accepts_only_named_semantic_capability_kinds (factory.tests.test_server.ServerTests.test_actor_config_accepts_only_named_semantic_capability_kinds) ... ok
test_actor_config_loads_no_follow_private_token_files (factory.tests.test_server.ServerTests.test_actor_config_loads_no_follow_private_token_files) ... ok
test_actor_config_rejects_noncanonical_actor_ids_before_runtime (factory.tests.test_server.ServerTests.test_actor_config_rejects_noncanonical_actor_ids_before_runtime) ... ok
test_actor_config_rejects_relative_and_symlinked_ancestry (factory.tests.test_server.ServerTests.test_actor_config_rejects_relative_and_symlinked_ancestry) ... ok
test_authenticated_request_reaches_real_unix_socket (factory.tests.test_server.ServerTests.test_authenticated_request_reaches_real_unix_socket) ... ok
test_build_app_fails_closed_before_loading_actors_when_capability_is_not_ready (factory.tests.test_server.ServerTests.test_build_app_fails_closed_before_loading_actors_when_capability_is_not_ready) ... ok
test_build_app_has_no_fallback_for_trusted_execution_dependencies (factory.tests.test_server.ServerTests.test_build_app_has_no_fallback_for_trusted_execution_dependencies) ... ok
test_build_app_requires_distinct_ready_runtime_and_attestor_capabilities (factory.tests.test_server.ServerTests.test_build_app_requires_distinct_ready_runtime_and_attestor_capabilities) ... ok
test_enabled_app_registers_exactly_six_execution_routes (factory.tests.test_server.ServerTests.test_enabled_app_registers_exactly_six_execution_routes) ... ok
test_execution_is_strictly_disabled_by_default_and_routes_are_absent (factory.tests.test_server.ServerTests.test_execution_is_strictly_disabled_by_default_and_routes_are_absent) ... ok
test_landing_quarantine_setting_is_optional_absolute_and_append_only (factory.tests.test_server.ServerTests.test_landing_quarantine_setting_is_optional_absolute_and_append_only) ... ok
test_main_accepts_explicit_composition_before_preparing_socket (factory.tests.test_server.ServerTests.test_main_accepts_explicit_composition_before_preparing_socket) ... ok
test_semantic_capability_dsns_wire_three_isolated_stores (factory.tests.test_server.ServerTests.test_semantic_capability_dsns_wire_three_isolated_stores) ... ok
test_semantic_dsn_wires_only_the_coordinator_capability (factory.tests.test_server.ServerTests.test_semantic_dsn_wires_only_the_coordinator_capability) ... ok
test_semantic_login_provisioners_bind_distinct_capability_roles (factory.tests.test_server.ServerTests.test_semantic_login_provisioners_bind_distinct_capability_roles) ... ok
test_server_prepares_only_an_owned_mode_0660_unix_socket (factory.tests.test_server.ServerTests.test_server_prepares_only_an_owned_mode_0660_unix_socket) ... ok
test_settings_reject_noncanonical_execution_flag (factory.tests.test_server.ServerTests.test_settings_reject_noncanonical_execution_flag) ... ok
test_settings_require_separate_runtime_and_attestor_urls (factory.tests.test_server.ServerTests.test_settings_require_separate_runtime_and_attestor_urls) ... ok
test_claim_rejects_unbounded_lease_and_missing_worker_scope (factory.tests.test_service.ServiceTests.test_claim_rejects_unbounded_lease_and_missing_worker_scope) ... ok
test_fence_metric_failure_never_replaces_authoritative_fence_error (factory.tests.test_service.ServiceTests.test_fence_metric_failure_never_replaces_authoritative_fence_error) ... ok
test_global_reconcile_and_metrics_require_wildcard_repository_authority (factory.tests.test_service.ServiceTests.test_global_reconcile_and_metrics_require_wildcard_repository_authority) ... ok
test_phase_transition_is_worker_scoped_fenced_and_closed (factory.tests.test_service.ServiceTests.test_phase_transition_is_worker_scoped_fenced_and_closed) ... ok
test_read_list_and_release_stay_typed_and_authorized (factory.tests.test_service.ServiceTests.test_read_list_and_release_stay_typed_and_authorized) ... ok
test_run_and_event_history_authorize_the_parent_repository (factory.tests.test_service.ServiceTests.test_run_and_event_history_authorize_the_parent_repository) ... ok
test_store_has_one_task_state_update_owner (factory.tests.test_service.ServiceTests.test_store_has_one_task_state_update_owner) ... ok
test_submit_rejects_caller_asserted_or_unpersisted_m0_authority (factory.tests.test_service.ServiceTests.test_submit_rejects_caller_asserted_or_unpersisted_m0_authority) ... ok
test_submit_requires_scope_and_repository_authorization (factory.tests.test_service.ServiceTests.test_submit_requires_scope_and_repository_authorization) ... ok
test_valid_submit_parses_before_store_boundary (factory.tests.test_service.ServiceTests.test_valid_submit_parses_before_store_boundary) ... ok
test_worker_and_kill_mutations_enforce_actor_and_repository_boundary (factory.tests.test_service.ServiceTests.test_worker_and_kill_mutations_enforce_actor_and_repository_boundary) ... ok
test_bundle_digest_covers_every_nested_field (factory.tests.test_shadow_contracts.ShadowContractTests.test_bundle_digest_covers_every_nested_field) ... ok
test_caller_cannot_invent_dependency_or_evidence_authority_fields (factory.tests.test_shadow_contracts.ShadowContractTests.test_caller_cannot_invent_dependency_or_evidence_authority_fields) ... ok
test_closed_v1_bridges_are_content_addressed (factory.tests.test_shadow_contracts.ShadowContractTests.test_closed_v1_bridges_are_content_addressed) ... ok
test_every_m7_schema_object_is_closed_complete_and_versioned (factory.tests.test_shadow_contracts.ShadowContractTests.test_every_m7_schema_object_is_closed_complete_and_versioned) ... ok
test_every_shared_identity_must_match_across_all_bridges (factory.tests.test_shadow_contracts.ShadowContractTests.test_every_shared_identity_must_match_across_all_bridges) ... ok
test_input_authority_and_result_heads_are_separate_but_factually_bound (factory.tests.test_shadow_contracts.ShadowContractTests.test_input_authority_and_result_heads_are_separate_but_factually_bound) ... ok
test_m4_legacy_digest_and_m5_task_packet_are_separate_bound_fields (factory.tests.test_shadow_contracts.ShadowContractTests.test_m4_legacy_digest_and_m5_task_packet_are_separate_bound_fields) ... ok
test_m7_schema_enums_are_authority_safe_and_have_no_remote_fields (factory.tests.test_shadow_contracts.ShadowContractTests.test_m7_schema_enums_are_authority_safe_and_have_no_remote_fields) ... ok
test_m7_schema_fields_match_python_v1_surfaces (factory.tests.test_shadow_contracts.ShadowContractTests.test_m7_schema_fields_match_python_v1_surfaces) ... ok
test_m7_schema_inventory_and_dialect_are_exact (factory.tests.test_shadow_contracts.ShadowContractTests.test_m7_schema_inventory_and_dialect_are_exact) ... ok
test_m7_schema_registry_resolves_every_ref_without_network (factory.tests.test_shadow_contracts.ShadowContractTests.test_m7_schema_registry_resolves_every_ref_without_network) ... ok
test_operator_proposal_is_fixed_manual_and_subject_bound (factory.tests.test_shadow_contracts.ShadowContractTests.test_operator_proposal_is_fixed_manual_and_subject_bound) ... ok
test_public_values_are_deeply_frozen (factory.tests.test_shadow_contracts.ShadowContractTests.test_public_values_are_deeply_frozen) ... ok
test_pure_bundle_is_blocked_without_durable_lookup_and_has_no_remote_surface (factory.tests.test_shadow_contracts.ShadowContractTests.test_pure_bundle_is_blocked_without_durable_lookup_and_has_no_remote_surface) ... ok
test_semantic_bridge_requires_the_exact_closed_pass_verdict (factory.tests.test_shadow_contracts.ShadowContractTests.test_semantic_bridge_requires_the_exact_closed_pass_verdict) ... ok
test_unknown_versions_and_remote_capability_fields_fail_closed (factory.tests.test_shadow_contracts.ShadowContractTests.test_unknown_versions_and_remote_capability_fields_fail_closed) ... ok
test_cohort_size_is_bounded_from_one_to_ten_thousand (factory.tests.test_shadow_evaluation.ShadowEvaluationTests.test_cohort_size_is_bounded_from_one_to_ten_thousand) ... ok
test_containment_requires_a_nonzero_fully_contained_denominator (factory.tests.test_shadow_evaluation.ShadowEvaluationTests.test_containment_requires_a_nonzero_fully_contained_denominator) ... ok
test_directly_forged_aggregate_cannot_authorize_a_recommendation (factory.tests.test_shadow_evaluation.ShadowEvaluationTests.test_directly_forged_aggregate_cannot_authorize_a_recommendation) ... ok
test_duplicate_outcome_or_bundle_identity_is_replay (factory.tests.test_shadow_evaluation.ShadowEvaluationTests.test_duplicate_outcome_or_bundle_identity_is_replay) ... ok
test_each_budget_or_deadline_bound_blocks (factory.tests.test_shadow_evaluation.ShadowEvaluationTests.test_each_budget_or_deadline_bound_blocks) ... ok
test_each_quality_threshold_blocks_l2_eligibility (factory.tests.test_shadow_evaluation.ShadowEvaluationTests.test_each_quality_threshold_blocks_l2_eligibility) ... ok
test_each_safety_counter_blocks (factory.tests.test_shadow_evaluation.ShadowEvaluationTests.test_each_safety_counter_blocks) ... ok
test_mixed_exact_tuple_is_rejected (factory.tests.test_shadow_evaluation.ShadowEvaluationTests.test_mixed_exact_tuple_is_rejected) ... ok
test_multiple_failures_are_unique_and_sorted (factory.tests.test_shadow_evaluation.ShadowEvaluationTests.test_multiple_failures_are_unique_and_sorted) ... ok
test_nearest_rank_is_used_for_even_median_and_p95 (factory.tests.test_shadow_evaluation.ShadowEvaluationTests.test_nearest_rank_is_used_for_even_median_and_p95) ... ok
test_outcomes_are_closed_and_cannot_carry_bodies_or_pii (factory.tests.test_shadow_evaluation.ShadowEvaluationTests.test_outcomes_are_closed_and_cannot_carry_bodies_or_pii) ... ok
test_sample_observation_and_baseline_failures_are_independent (factory.tests.test_shadow_evaluation.ShadowEvaluationTests.test_sample_observation_and_baseline_failures_are_independent) ... ok
test_semantically_orderless_inputs_require_canonical_order (factory.tests.test_shadow_evaluation.ShadowEvaluationTests.test_semantically_orderless_inputs_require_canonical_order) ... ok
test_thirty_synthetic_rows_have_hand_derived_integer_metrics (factory.tests.test_shadow_evaluation.ShadowEvaluationTests.test_thirty_synthetic_rows_have_hand_derived_integer_metrics) ... ok
test_accepted_infrastructure_retry_limit_is_exact (factory.tests.test_state.StatePolicyTests.test_accepted_infrastructure_retry_limit_is_exact) ... ok
test_completed_release_compatibility_edge_is_operation_scoped (factory.tests.test_state.StatePolicyTests.test_completed_release_compatibility_edge_is_operation_scoped) ... ok
test_completed_release_rejects_intermediate_phase_skips (factory.tests.test_state.StatePolicyTests.test_completed_release_rejects_intermediate_phase_skips) ... ok
test_every_state_pair_has_an_explicit_decision (factory.tests.test_state.StatePolicyTests.test_every_state_pair_has_an_explicit_decision) ... ok
test_future_delivery_state_is_not_a_task_status (factory.tests.test_state.StatePolicyTests.test_future_delivery_state_is_not_a_task_status) ... ok
test_needs_human_requeue_requires_persisted_decision (factory.tests.test_state.StatePolicyTests.test_needs_human_requeue_requires_persisted_decision) ... ok
test_normal_operation_cannot_bypass_the_closed_graph (factory.tests.test_state.StatePolicyTests.test_normal_operation_cannot_bypass_the_closed_graph) ... ok
test_only_closed_infrastructure_failures_retry_twice (factory.tests.test_state.StatePolicyTests.test_only_closed_infrastructure_failures_retry_twice) ... ok
test_phase_operation_allows_only_the_next_worker_phase (factory.tests.test_state.StatePolicyTests.test_phase_operation_allows_only_the_next_worker_phase) ... ok
test_provider_cannot_choose_state (factory.tests.test_state.StatePolicyTests.test_provider_cannot_choose_state) ... ok
test_retry_deadline_quarantine_can_enter_needs_human (factory.tests.test_state.StatePolicyTests.test_retry_deadline_quarantine_can_enter_needs_human) ... ok
test_terminal_states_cannot_transition (factory.tests.test_state.StatePolicyTests.test_terminal_states_cannot_transition) ... ok
test_artifact_attestation_is_closed_exact_and_content_bound (factory.tests.test_workspace.WorkspaceTests.test_artifact_attestation_is_closed_exact_and_content_bound) ... ok
test_artifact_attestor_database_errors_are_typed_and_fixed_reason (factory.tests.test_workspace.WorkspaceTests.test_artifact_attestor_database_errors_are_typed_and_fixed_reason) ... ok
test_environment_is_allowlisted_and_credential_names_are_removed (factory.tests.test_workspace.WorkspaceTests.test_environment_is_allowlisted_and_credential_names_are_removed) ... ok
test_fake_git_broker_reports_snapshot_unavailable_without_claiming_git_evidence (factory.tests.test_workspace.WorkspaceTests.test_fake_git_broker_reports_snapshot_unavailable_without_claiming_git_evidence) ... ok
test_fake_workspace_allows_only_bound_relative_paths (factory.tests.test_workspace.WorkspaceTests.test_fake_workspace_allows_only_bound_relative_paths) ... ok
test_fake_workspace_artifact_attestation_is_truthfully_unavailable (factory.tests.test_workspace.WorkspaceTests.test_fake_workspace_artifact_attestation_is_truthfully_unavailable) ... ok
test_fake_workspace_release_is_idempotent_and_revokes_every_operation (factory.tests.test_workspace.WorkspaceTests.test_fake_workspace_release_is_idempotent_and_revokes_every_operation) ... ok
test_host_isolation_report_requires_complete_rootless_toolchain (factory.tests.test_workspace.WorkspaceTests.test_host_isolation_report_requires_complete_rootless_toolchain) ... ok
test_network_and_external_git_operations_are_absent (factory.tests.test_workspace.WorkspaceTests.test_network_and_external_git_operations_are_absent) ... ok
test_traversal_absolute_git_symlink_and_cross_task_are_denied (factory.tests.test_workspace.WorkspaceTests.test_traversal_absolute_git_symlink_and_cross_task_are_denied) ... ok
test_trusted_workspace_snapshot_is_closed_and_binds_output_head (factory.tests.test_workspace.WorkspaceTests.test_trusted_workspace_snapshot_is_closed_and_binds_output_head) ... ok

----------------------------------------------------------------------
Ran 779 tests in 336.360s

OK (skipped=2)
PASS: two PostgreSQL restarts; exact runtime/attestor roles; cancelled+orphaned recovery; ambiguous cleanup fence2 replay; zero fabricated proposal/result/attestation; higher M4 fence
PASS: disposable PostgreSQL + API + effective roles + actual restart/reconciliation
